Prev_Return,Prev_Range_Pct,Prev_Direction,Asian_Return,Asian_Range_Pct,Asian_Direction,London_Return,London_Range_Pct,London_Direction,Dist_Prev_High,Dist_Prev_Low,Target
0.25123277226078344,1.2198545112272752,1,-1.3812424212858998,1.613447252149906,0,0.7064834739136857,1.1770011847771684,1,-1.3524287204570749,-0.14727272727272372,0
-3.124033060615767,3.971455252484419,0,3.555869098866932,5.938206372287888,1,1.7874007096193523,2.506617040600733,1,1.8101751719569044,6.0144927536231885,1
5.661200454957744,7.901003498567468,1,0.07077999830892413,1.1660288738752254,1,-0.5478048288586829,0.9827782153554312,0,-1.407533594242885,6.487022016391555,1
0.16228939882005564,1.910241688464369,1,1.4407188640642676,1.9316073164266165,1,-0.6410393756461387,1.0510796029760694,0,0.8320601398034094,2.7785166268607018,0
0.008836264027564199,2.5149366847696792,1,2.0908255033922223,3.2309048274511296,1,0.6488151463031502,0.9748214426078261,1,0.8138759172781855,3.365253077975376,0
5.5850557390249325,6.454464834632731,1,1.475894580061966,3.190197948809047,1,-0.412360139704766,2.0209201674324397,0,0.6969425610848096,7.204942212827847,1
5.031300808298481,6.732216210510329,1,1.8573834703789076,3.8246814503317648,1,0.04085114997794059,1.9207270781666803,1,0.7732360097323538,7.620211951882736,0
-1.3168886833443987,7.255829701206723,0,-1.277559529577807,1.8403665575839703,0,-0.20879270244963483,1.3477764017680065,0,-6.778109001284329,0.22624233208715208,1
-3.008594920573391,3.8634900993174175,0,-0.8711456986701076,1.801937870390515,0,2.190249515394385,3.2242900737530373,1,-1.9867212328579895,1.9521915954701232,1
4.957313092784827,6.822225351031014,1,-1.5342682926829316,2.48170731707316,0,-0.17904870000731965,1.482448890579564,0,-1.8029268292682945,5.023607669231771,1
-2.241219512195119,3.487804878048781,0,1.0769096290006341,2.376718572445398,1,0.5189149891877287,1.0107529274743046,1,-1.831885107410089,1.6776250000000004,1
2.15606698218054,2.8720920068430713,1,-1.3674785319194436,1.9290407358738442,0,0.4140111593304442,1.0290142591444487,1,-1.3089133089133067,1.5427135678391983,1
-0.9258319836200811,1.9290407358738442,0,4.890061825957033,5.8604492776689945,1,0.3802925417727764,2.009210301893223,1,3.5120979990996624,5.544097524567738,1
8.735707913993945,9.746934303597401,1,-2.283733490673086,3.9311487314482716,0,2.0513380767862914,2.665344822376204,1,-1.6571107363687425,7.928306072416939,1
-0.04572686424908835,3.9508918440521117,0,-1.6824014655041457,3.1479055957469546,0,0.1646195049870731,2.2754663834503206,1,-2.1840461856411255,1.7971946230274694,0
-1.1403283764366317,3.1602770293123585,0,2.4125139551987944,3.8607566614919078,1,-0.8764448434519175,2.591516103692049,0,-0.5844775681033825,2.644067875683332,1
2.033643933317956,4.058338181079664,1,-0.7519641988170398,2.0794490465867237,0,0.9391886387704699,1.4049927136792786,1,-1.2237083509886582,2.809899417192354,0
0.11800364799848953,2.261174664504398,1,1.9433727819957662,3.4614010529130406,1,-5.5683192394361845,7.197910035486233,0,-4.198620015333175,-2.007978270011028,1
-2.29659072780423,8.164457556549712,0,-0.5286832808941724,1.2124423926051149,0,-1.304752813481594,1.9009635986677396,0,-6.767884546315344,1.2395141218099297,1
-0.8483763020219551,2.673994737307987,0,-0.12422273878692029,0.9478936597733778,0,0.23369531146603695,0.9003016097462353,1,-1.0292270271630921,1.6766710586476337,0
1.022404127161436,3.4608547729574495,1,-0.10036123169352956,1.3481171385133943,0,-0.9676257672651961,1.4675523667091677,0,-1.5673234867280443,1.8994103773584872,0
-0.8310734871059768,2.5812083904739236,0,-1.1996587247434936,2.377727979606618,0,-2.28261759169404,3.2645067754796733,0,-4.706481761587086,-2.200595727198038,0
-3.26947699220584,4.455858770231478,0,-0.7748673360311609,1.6177368863098247,0,1.1548516032524498,2.6355724115042687,1,-2.803501058741404,1.7270531400966183,1
0.4778050316866371,3.791421699625882,1,-1.6741683983674347,2.190063099896513,0,0.17011067441466451,1.092879704868223,1,-2.973261279848092,0.7812100476080296,1
-1.2604568845033617,2.190063099896513,0,0.5454326923076827,1.1632211538461616,1,1.069793940786714,1.2747041250143631,1,-0.09054847009825716,2.146080322608795,1
3.2509615384615334,3.8915865384615467,1,0.5083720930232483,0.9890697674418546,1,0.9412614013410961,2.244288338817102,1,1.4291860465116262,5.397270734707397,1
3.4248837209302425,5.323255813953501,1,1.6149178656191296,2.871752091444559,1,0.20242130428861485,1.9135900215598565,1,0.31284878975162084,5.68615406216545,0
5.682455700500421,6.040089627716683,1,-0.2653791534074732,1.6657842001924088,0,-0.7409941207910178,2.1902725815072115,0,-1.4672950015085027,4.496620099143767,1
-1.0375461963209076,2.433902905960315,0,0.8527254566671237,2.0847273358094003,1,0.021016785690675208,1.0696157022060182,1,-0.8226421967056055,1.6360479626715905,1
2.3615344748260667,4.352304696885949,1,-1.6802932233115002,2.374343380815992,0,-1.0420724581223109,2.0131893817129565,0,-3.2731452455590366,0.9894098561324594,1
-1.9240151237955825,3.50568404052639,0,0.8174095163856681,1.528493692219726,1,-0.8178979565826949,1.5054802667912826,0,-2.384003106192975,1.1552937005827555,1
0.405920811713132,1.9683572360122743,1,-0.21301548040427698,2.6633331911808553,0,0.522884476079143,1.5221771824069903,1,-0.5247164037801544,1.44574600256672,1
-0.5353106742291883,3.61721182139964,0,0.397972435172377,3.8992705449912965,1,-0.4644239102441392,1.0709747879583125,0,-1.6353749308654641,2.0179529282977575,0
-0.2320163184810704,4.338812570558207,0,-0.2845598534640648,1.6011205689042167,0,-1.5370005855446152,2.2284185758085857,0,-5.225481019240773,-1.0693654483138224,1
-1.3105268828789916,2.947958194160116,0,0.8227090829569569,1.4449489501542738,1,2.2292490631680035,2.8239102025980216,1,1.0450762681043033,4.091460055096411,1
4.90735115597007,6.898409661787269,1,0.09991848481572352,1.8179757617094936,1,1.911944634028603,2.8035681587401924,1,0.5512020460357975,7.507339333137895,0
1.422252813521529,3.5202290743035825,1,0.2220484016308325,1.3045087307258194,1,-0.33131177573497955,1.7497435121093938,0,-1.2509673342752285,2.260581871652133,1
0.5001727384841954,1.7536287896106721,1,-0.5819225578887919,1.646519531891499,0,0.6749630230963466,1.041400807085629,1,-0.635756225956664,1.1152845283889692,1
1.0025796356685468,2.9620419208646465,1,2.302249765334018,2.962342420541599,1,-0.05722291284357696,1.0768760235995152,0,1.8101371297732345,4.871109417740492,0
2.6875056774024104,2.962342420541599,1,-1.9357134361690338,4.606571379985862,0,-1.5727584811789659,2.297298921250913,0,-3.4144386130034445,-0.5466846871636419,1
-3.179826824763528,4.606571379985862,0,-1.1066799702395218,1.575823767584011,0,1.4973232353856942,1.6823175262563477,1,-3.3417158095462223,1.3133015455442214,1
4.232545912044164,6.871302143018814,1,1.2141976714977631,2.2275381706516892,1,-0.12516619877662516,1.4686103184666768,0,-0.33542310692514304,6.615163996068783,1
0.7574739703514279,2.411162323361545,1,0.1085152066233852,1.6631912167424643,1,-0.7760610269681172,3.0509623060209394,0,-2.683277751310153,-0.3314027529068583,1
-1.1606198991572008,4.179236586341578,0,-1.2357772218523642,1.9695596621042266,0,1.427960802317681,1.9599830607754065,1,-2.2407504404552245,1.9587802940007857,1
1.31828619861397,2.9791215140201692,1,-1.2822219906523058,2.007325328732819,0,0.03479569745336048,0.7673624177145308,1,-1.522985189459517,1.450274737795313,0
-4.479527288586306,6.455397702054419,0,0.630492718757677,2.030735510928168,1,-0.8900150526844005,1.6056196688409432,0,-4.725769693429315,1.81928329397269,0
0.03208973824663175,4.5687512550821365,1,-1.7284977976941247,2.5918903561972892,0,-1.6445845098416931,2.682951318167464,0,-3.9342409493754054,0.5970730812867387,1
-2.305167459872894,5.096534743238952,0,0.843241064534009,1.993096548582758,1,-1.6765636159575523,2.141924293439448,0,-2.9200527400247793,2.2672132342301103,1
4.725687029140712,7.04740184894047,1,-1.1338233418054333,1.56982620727554,0,0.7127079227825198,2.220622763170307,1,-1.534895023328148,5.493199758398765,1
-5.834764432842998,9.695494735189348,0,0.1412019897591959,1.728003670834601,1,-0.4919076451471308,1.133648629358366,0,-7.2157281553398,2.6286512027491478,1
0.24673848432073764,3.2261630392841933,1,0.8835220178140334,1.8084575043702769,1,0.26668098326094086,1.610410366590865,1,0.598788205974066,3.910647223395771,0
0.8920544410222214,2.1913760093232373,1,-0.8909740277822124,1.5870249264397156,0,0.6456288841866742,0.861498025625214,1,-1.0332337412516002,1.1463409532972098,1
-0.2887750061106854,1.5870249264397156,0,2.60179965397638,3.0263615367422387,1,-0.26099018890767284,1.8658730358899416,0,1.5061111516818426,3.138524179835726,1
3.115971722088385,3.725134725705913,1,-2.1737669499558283,4.424967827807805,0,0.3599912692126102,1.5590399003132571,1,-2.210477170972298,1.4323143020339242,0
-3.1817119518064167,5.493194941919537,0,-1.6024012738919489,2.0337573086859884,0,0.43596214511040093,2.013669821240799,1,-4.141145591294482,1.3966244725738357,0
-3.7193464578416586,4.6407246036418535,0,-1.9194231306553053,2.9874051625937605,0,0.715147384786969,2.8390047322223975,1,-4.350632517895265,0.2952066283959345,0
-5.653061663120329,7.976121391879974,0,0.46124736141219586,3.43731239398658,1,-0.2126127556314032,2.3391938858241255,0,-6.335438991930613,1.7221115976531611,1
0.4343630992997469,5.180346693064885,1,-1.0991890205863988,2.2997788237962937,0,-0.8041456955160844,4.123568324868441,0,-5.200479121981108,-0.14061032863849252,1
-1.2778313389667084,5.438099018885054,0,0.7293915040183772,1.4849598163031017,1,-1.4778246439495746,1.9355589504056476,0,-2.508274406972749,3.042098251022094,0
-2.0925373134328384,3.2153846153846097,0,0.10639296187682944,2.0643988269794695,1,0.48089542165061583,2.8252606021973143,1,-2.577608784040076,0.6228739002932594,0
0.04633431085044842,4.059941348973614,1,1.2507045561296408,2.468882104274307,1,2.0952135747015643,2.5186401639429827,1,0.011192184657337144,4.127110582639716,1
4.7127759511507765,5.796383278534532,1,-1.7323551642081558,1.96291719279515,0,0.46704627505462226,2.0145369295591844,1,-1.9352273967355453,3.768593755891557,0
-1.815451692993644,2.9354045040336962,0,0.6763787126875185,1.4524667492818766,1,-0.8434497400582577,1.5090684740103555,0,-2.174785357214899,0.7820980041662574,1
-0.024784562758054386,2.127132243345571,0,1.6523575011503941,2.3263859946401975,1,1.9981468482381002,2.807468763161582,1,2.7467796610169506,4.95546968060057,1
3.5266888107616046,4.695362642858519,1,0.6081245170548641,1.7597968870736294,1,0.08267847515858406,1.130158758044136,1,-0.5406260224670052,4.129352268095026,0
1.0463627331935188,2.183905508334255,1,-0.6171005341868646,1.1506319572650496,0,0.07405926059409791,0.7639970903720835,1,-0.8872587166747437,1.2938806519681259,0
-2.8421144623720527,3.9287313881211636,0,-1.6139541990221642,2.143101092896177,0,-1.003597500491396,1.5073389924255889,0,-5.724075916057146,-1.8970617947534192,0
-9.745065789473696,10.174449956859375,0,-1.620002513754096,6.302180619453722,0,-1.0812732381394479,2.9600598135002976,0,-11.445076574633312,-1.414549220309468,0
-1.2387083286148588,6.908219353666535,0,-0.40089704177795327,1.5899813536259615,0,2.914643662490183,3.6168089672782426,1,-0.5144589330165719,6.718046097433208,0
-0.6460716625510223,5.347351710930811,0,-0.30429599563192644,1.857700449603027,0,0.2765771573971991,2.0607859369098827,1,-3.691033312822827,1.5942611769604071,0
0.5186460475091891,5.026711411606573,1,-7.149814800616866,7.917006544507549,0,-19.229628265024562,23.629952820284974,0,-24.917071192347265,-20.99291490109971,1
-39.14663744031452,40.13566624645406,0,12.18277990858527,36.98145474598641,1,6.443014790475919,11.191797590450156,1,-29.288824201056475,17.983959268013365,0
16.13224362668252,44.20685424657195,1,-1.6652558347975057,5.58262613903926,0,-2.2985802567405313,5.940019103579033,0,-9.044713581009463,41.52051948051948,0
-8.07001757019185,10.883737969397995,0,1.9886286667518203,4.4709311101564,1,1.1289538082716495,7.212802662978221,1,-6.401012888905367,4.940011878835883,1
3.4110129311179014,16.90276310238458,1,-10.702703510528599,10.702703510528599,0,-4.201596389318399,10.722763174390908,0,-20.158839512753595,-6.464611553823975,1
-5.970812846532062,17.13325512232301,0,6.684074347558411,10.056598058759832,1,-1.9543562295569403,5.206289027653886,0,-2.336055773915386,17.856619528437346,1
5.415913576605343,12.54897147529105,1,-3.2999747235978623,6.1777399151836425,0,0.2589774654712803,4.829270656651323,1,-7.800140038420798,4.040518638573736,1
1.2351735178198682,8.342336101255404,1,0.46295954184371696,3.854055052651023,1,7.285979863424694,9.561560124427107,1,7.876488097967329,17.47638744365243,1
14.191391095510813,21.570293737299085,1,2.2010547494404986,4.9314219094646425,1,3.0669510294997457,12.84431766338366,1,2.958044631783136,25.784694609959786,0
0.2777356150713672,23.720559217431465,1,-0.8012681106890485,5.399780271471051,0,1.605278963686824,6.49319026670779,1,-13.945230424429194,8.350088183421514,1
-0.320249498200612,9.592503455408323,0,1.7902396611159166,4.947920447414727,1,-2.8723794520134587,6.300749419949912,0,-6.899662793198906,2.550439448796899,0
-6.226962641773018,11.517670914009456,0,0.800127910435187,5.314128429641515,1,6.939093494077779,15.031264703275118,1,-1.2430285091135684,11.116739702015776,0
11.638130375805682,16.220040333048512,1,1.4813617257148142,4.8936825411489355,1,2.31002061379941,4.836501300885572,1,0.836979753506518,17.56736318967912,1
4.217900749842187,7.590650838375904,1,-1.06949106467474,3.5476846161119533,0,-1.1261641284920134,7.941831278454606,0,-4.125634701871466,3.259526156990374,1
-1.1290303517397893,7.857856231089257,0,-1.4203633202747583,3.4133526100482854,0,0.7586752270117595,1.5418922644819368,1,-5.005265386948704,2.819346555844126,1
0.974539502081258,4.044824336454358,1,-0.6506877157195262,3.5900164815266464,0,-1.6368144100384503,1.9790885388763853,0,-2.2634577114793784,1.7911879008650382,1
-5.75183107543809,9.795348218443053,0,-2.7468503128121955,4.736960146046988,0,0.5093740316082968,2.6519406569569326,1,-9.119308798472789,0.5785829307568485,1
-1.9283158956278408,5.419046020799769,0,-1.9185321054132825,2.6195556731276444,0,-0.6327231474604168,2.2203007750980395,0,-3.839850188910653,1.669676362364039,0
-6.44148070711111,6.521638664501496,0,6.370024853405734,8.397763363596306,1,1.6031724728543968,2.9166746553674368,1,0.7060896047299868,7.72823308911228,1
9.004043569160006,13.16669133294888,1,0.6405105360472493,2.2690144251398445,1,0.1964020875090732,2.754903846750522,1,-2.677375565610863,10.185963114754095,1
0.1902027633231732,2.9617956139461175,1,-1.3904746497758413,2.9593668432694433,0,-1.5448423775054807,2.280361451483187,0,-4.639020474197367,-1.7827443975624226,0
3.4739311280281973,8.90532203822211,1,-0.04857607628242763,2.867037983792976,0,-0.18479020611908495,1.8758005825691297,0,-0.7284421799019719,8.531194859320495,1
1.9796250346704243,9.914017346456873,1,2.273761604093303,3.4817803031976653,1,-0.7600206126802556,3.0017935334912864,0,-4.225587620346618,5.406433028700566,0
-0.6931158251627909,6.450425133622893,0,0.047199496538707905,2.1613807188572363,1,-0.19896850926442267,3.879366624330837,0,-4.59991259882292,1.7210287443267809,1
2.111361126613392,5.320481612976003,1,-1.5806087216612883,2.4966532214739736,0,0.37921466532975845,1.3008185307203772,1,-3.2001710863986315,2.013360298337926,1
-1.6264908047078566,3.4193767586921866,0,3.799828038055806,5.046330913182817,1,1.7199292988997024,2.192075111394013,1,3.442141391175306,7.089755050153398,1
8.43380423769684,8.890697979668378,1,0.7380194524151859,3.113340649004538,1,-0.09920218704957981,2.203966734109723,0,-0.47569405375654805,8.381620225133789,0
-1.8146499723958476,5.343620711982933,0,1.621839945147532,3.84397580495171,1,-0.6949823829411662,1.790259317094763,0,-2.476904538760209,2.924968206867317,1
2.2565574521359424,3.84397580495171,1,-0.373362637958993,1.878209433104737,0,-0.45523252096232886,3.534650596115152,0,-1.5742466970433213,2.237136465324385,0
-1.0435702802254836,3.6523603112259786,0,-4.9473087166672105,6.007162507261153,0,-0.4139760147601513,1.5793646217712134,0,-5.989759495918848,-2.4288837799582983,0
-5.78275189337893,7.616671598768081,0,0.3740152606382479,1.5058192288702543,1,-0.06345767358650416,0.952300740000696,0,-5.790093209783614,1.9691414264868201,0
0.24978044080786926,2.6849576829696398,1,-0.5483273400893506,1.7909992372235,0,1.104970759806329,1.620311807656694,1,-0.41951868928445024,2.2916039012056886,1
0.37034615524317727,5.971740946569328,1,-2.8919213515512663,5.287911050764238,0,0.3081184057145764,2.621316963952984,1,-6.880401457421521,-1.24419429988484,1
-0.6367785576871546,5.371869123839611,0,-0.4274064556729707,1.6450924007889727,0,0.9449146398794329,1.9110649621492237,1,-0.7918704196262372,4.835004608041381,1
0.21982152065798083,3.2636721993514604,1,0.08720490094454673,1.8165989215126737,1,-1.8156983864180052,2.929959678652403,0,-4.027034758975823,-0.8495690827195637,1
-3.6378565355632957,4.970970522122963,0,4.245656443571543,7.711738933373616,1,2.068109947507396,3.9012930397303136,1,1.8978386167146981,7.170666282743935,0
7.443269376038677,11.353829883668231,1,-0.9239821101336149,1.7936205916013055,0,-0.06544688036536771,1.5630754934014834,0,-1.633126527855071,9.787769189530746,0
-1.3643480519845361,2.2865046655479637,0,1.1123725629012589,1.5717657650214476,1,1.1470303578447334,2.1197943741697025,1,-0.21094629670505186,2.111819355318282,1
3.449081427267018,4.074283524664066,1,-1.5045541251372805,2.3235809819514053,0,0.0397206685939603,0.8842044607429758,1,-1.9599926089664161,2.034435259745898,0
-1.9204672760854062,3.010622163133745,0,1.0068399990455101,1.8198355761362164,1,-2.29085603112841,3.946775986659258,0,-3.177615819224569,-0.17655077039048095,0
-3.976126676838475,6.48838407303485,0,0.9271183960193232,1.4788526269574154,1,-1.0529093471440072,1.9138533988296496,0,-5.521052631578946,0.9415855869187245,1
0.3216742280111161,2.583052831845456,1,1.4455668116661275,2.208857618310801,1,1.6944785876514563,2.179376095661111,1,0.2186742013356495,2.8297374853863433,1
4.192187545616436,5.133418970601116,1,-1.013267883484699,2.2702916244646882,0,1.5524306268179189,2.0382021358659883,1,0.21725610283269506,5.385221105667642,1
4.85116183287594,10.16517961584637,1,1.174775159456646,1.7110565503989816,1,-0.9668034689399108,2.080256161377445,0,-3.213097339200092,6.7754978971906175,1
0.15118358197005588,2.9534840276480496,1,0.5829379915172737,2.238386127592001,1,0.03966868712513091,1.284868775982991,1,-0.6449570532161744,2.3302221314281093,0
0.3823743384923944,3.869894305082856,1,0.081085807863732,0.7536210377923476,1,1.4041682936999058,2.4197017730801584,1,-0.8815643138001279,2.9986007964697032,1
2.0426468951555092,3.087090397426453,1,-0.07783241901861103,2.255583503159349,0,-0.4860718234051503,1.6900922316743399,0,-0.14563358383000494,2.9627254509018064,1
1.0058542951171827,2.29151613660628,1,-1.0075414858703071,1.904231597260535,0,0.5304678646172339,1.1296592609497318,1,-0.5462214987048394,1.7542159713920238,0
-0.33909743373936446,1.904231597260535,0,2.5654239139817103,3.386467785010953,1,5.427848533805026,5.8797295497772595,1,6.059945476134908,8.117647058823529,1
13.247110628994585,16.14079749345213,1,4.568140990854148,8.694519436755593,1,-4.364677465374644,7.548205406323722,0,-2.312931995540684,13.546339706160577,1
-1.8483945577767062,12.26718727068565,0,1.7451319393908538,2.6139897934116045,1,0.6653707708302763,3.655382807402321,1,-6.257393049847876,5.765790412751273,0
2.34909127990249,5.31685848440042,1,-0.38818469895879665,1.2066545948393028,0,0.9048791657339206,2.056688185434886,1,-2.2173002754820863,2.989843515158134,0
1.6725894069714902,2.965142598460842,1,0.1820193797759254,3.3155358828663517,1,-1.0391669761742277,3.598108704983328,0,-0.7539348259809403,2.2143835616438308,0
-0.7412140859621303,5.388664256069529,0,-2.8610039734921204,4.701069234682565,0,1.1659101718159108,2.172056019097838,1,-5.209919394601538,0.049519818243923035,1
-0.46245352493347947,4.996784003836786,0,1.4907911137510117,3.2870076631973095,1,-1.4353308631603217,3.578906067293184,0,-1.0955680306295472,4.0757842601560474,1
1.6380477971120206,4.048715075754504,1,-0.08849557522123894,1.7464601769911416,0,1.6272045318758126,4.315129118629818,1,1.2982456140350838,5.4599833335235815,1
1.264601769911501,5.496902654867258,1,1.6639694095025814,3.8556772807282673,1,1.4782758883333058,3.99391954445932,1,-0.3498638238682593,5.200856851731238,1
9.127059909664629,11.392537673389251,1,-1.8447891177126035,3.231153685131869,0,0.4336513443191711,1.7168928575791247,1,-2.3228111971411556,8.969737642067626,1
-2.0667073666667015,3.231153685131869,0,-2.0610579628587513,3.517163759144625,0,0.6172672275281988,2.073951197961068,1,-3.768468151085051,-0.5685347043701889,1
-2.6758989666674964,4.063598476507389,0,-7.318120224911327,15.2844821885716,0,-0.31778976199792947,3.0399845755147736,0,-12.082206980028243,-8.39933160981146,0
-8.356398605692473,15.2844821885716,0,-0.7714326246327426,2.213735916749801,0,1.5884077501652796,8.363975784483287,1,-7.278572324676963,9.372179060303363,0
-1.9322997226823804,11.463033470314194,0,1.0472126229999457,2.907679909122626,1,1.0540397540727913,2.273625208231763,1,-4.462826296938787,7.238112700158901,1
2.930539211284082,5.2471428788025625,1,0.7219016920740484,2.016334372614698,1,2.6687711386696655,3.3499436302141987,1,1.3521620234905989,6.694692541391491,1
5.653970345889019,6.963714374179848,1,2.055829587514871,3.2134135158353874,1,1.3387824126268437,4.849694593548599,1,1.7817137833573784,8.87958048582142,1
5.038434188892219,7.405727107069808,1,-1.311123139763759,6.411985431059003,0,-1.1993443267197323,2.5965282410064656,0,-4.388085274108274,2.7453713458348856,0
-5.134603681379348,7.4685700480432535,0,0.8164444964936592,4.017435532687327,1,0.7609460641088591,2.1614877689863374,1,-3.760719009087156,3.9775021949078173,0
0.8771486865869463,4.017435532687327,1,1.7830426998258555,2.6388946649477045,1,2.1194718149989464,3.636645796655273,1,1.8760166840458794,6.009387939340804,0
3.07012633040407,6.060596366521307,1,1.1058673930910357,3.0308230684537816,1,-1.2969658054990978,3.5410182689672935,0,-2.345758614556203,3.60519936139164,1
0.5061537586775402,5.323298476679813,1,-1.7291880781089415,2.9079136690647536,0,1.0564164206015283,3.715905824557738,1,-3.5314646020718268,1.7243313018452615,1
0.5924974306269233,4.612949640287771,1,-0.14064625676380635,2.333295827664869,0,0.16499350274033062,0.9460993896265174,1,-1.3918773330479088,3.2891417813761072,0
-2.6573448032486633,7.608911346828563,0,-0.682333905977634,1.7379210802883844,0,-0.8383925071252154,2.8637572444190065,0,-5.022618136972553,2.7412087912087992,0
-4.66187861694306,8.135090751671918,0,0.182515379734623,2.200667604623579,1,0.6196871362562296,1.8137587739409464,1,-4.151132996075554,4.2714772727272665,0
1.210626500041371,3.8407680211867854,1,0.9162708952067049,1.6127414423961737,1,-1.1170051858254042,1.88893690579084,0,-1.5524691657581027,2.286857794644432,1
0.1253821429661708,2.521707464925718,1,0.857911591225097,2.0506471630336898,1,-1.3905472556322458,2.526973402493975,0,-1.6865390312705373,0.8164159373372982,0
-5.064934075063723,6.989491426872807,0,1.7344192732132242,2.804898210357601,1,-1.4449888621319174,2.371564695553653,0,-5.87643957464952,1.0930903218364312,1
2.220864924937873,4.06607486464021,1,0.6280873661439353,1.5747111719130915,1,-1.1937841472076847,2.545376976238233,0,-1.9385229114352354,2.085747392815759,0
-0.6998591520820501,3.6166690253638576,0,0.10253752069706829,0.9579222684106279,1,3.770986358866737,4.10624796468502,1,1.5505992010652438,5.313463751438433,1
4.235161768217659,4.744567265632154,1,-0.7483178591942019,1.9561367601919204,0,2.802078968873441,3.8691312942576577,1,2.1917161148013005,7.05391789117909,1
3.9890379902692557,5.637573982165012,1,-0.6534474283227408,1.5321207870592075,0,-0.9860022149325134,2.7250604693387395,0,-2.3897118028968305,3.1761110238650256,0
-1.6745829719594647,2.9223012287232986,0,1.080233164908176,2.8717126335840644,1,-0.011970062244317558,1.2332314128033544,0,-0.6419354838709731,2.3398713826366504,0
2.933440243007385,4.58173711250546,1,-1.5179647814035888,2.1277472669009074,0,0.3396528783149299,1.7324702712202062,1,-1.8773819539734065,2.6676231037455347,0
-2.6677726143986136,3.4800259657293755,0,1.2483310586673206,2.064563809410868,1,-0.08935205650811404,1.0887365201188466,0,-1.5263033248556006,2.0216642699563496,1
8.036647357593365,10.723153205902628,1,-0.830291935034942,2.013987165364517,0,0.4597328568661521,1.3736643831555146,1,-2.993405092978797,7.439813094037059,0
-6.64380554390394,10.835152945419479,0,-0.17852417217291222,1.6698310951302828,0,0.9565386618136711,1.6399909532250136,1,-6.224136483206171,5.1244132894322005,0
1.5381432645980198,3.349533526839544,1,-0.25186181216384324,0.8907736863880926,0,1.0371427593453293,3.4972839700816634,1,-0.50577580296807,2.877095061395435,1
1.2817542407943738,4.73727761688043,1,-0.14625676641813612,1.2206107649882567,0,-1.2067537301985007,2.697196854258918,0,-2.276901294498376,2.469353128313898,1
-1.746604024103771,2.6936982943519534,0,-0.07716169743255447,1.136003211257702,0,0.5731112527229123,1.7699391485799207,1,-2.0881694073340555,0.6037899494826303,1
0.5582264040673188,2.2735662951050077,1,-0.21130808387814953,0.9969937186501145,0,-1.6460240419771355,2.5076697760073308,0,-2.407231237665977,-0.16733572964257454,1
0.7956100848954102,4.893064049919979,1,-0.2903974161392939,0.8001811653605287,0,-0.03463692892749679,1.7335937098514835,0,-1.0595860747092078,3.945703292005129,0
0.2455159523887506,1.7283462307767985,1,-1.097107894026949,3.3785855002329677,0,0.24838667383814697,1.4076277214394075,1,-0.8411735874550426,0.8928978745464053,1
-0.10013651263354197,3.3785855002329677,0,-0.33018819704976615,1.0091696226858649,0,0.14871032254756167,0.7390390236398081,1,-1.3078102866795995,2.1032089066261475,1
1.1451294685299005,4.4304509164511385,1,-0.979652972614594,2.519021014076761,0,-1.1474812098036908,2.249104025018879,0,-3.0078710270291786,1.3809772395072086,0
-6.36789592412616,9.119676743828782,0,1.7400266567378364,2.4647229911665742,1,0.3561448513357788,0.9634052412809702,1,-5.2378261618796795,4.180347640851167,0
2.1273587705523878,3.507465505425779,1,-0.30255907508197216,1.2185820290051084,0,-0.28239068884256324,1.223127850397575,0,-1.3577184720041817,2.1156013001083473,0
0.07965416990634883,1.6299525032960438,1,-0.810956510914215,1.1452769458156087,0,-0.1319593679986289,0.8060048424090323,0,-1.0593684210526255,0.574060183763475,0
-1.5712743948947876,2.5802490365473734,0,-2.398823578589039,4.925728752120846,0,-0.3712225633027746,0.9673752478020431,0,-4.186889939332816,-1.6493755827010441,1
1.127118035496285,6.488752935426508,1,0.7063815986798627,2.3465858929288697,1,0.3763267017118448,1.4131473151043623,1,0.5993435310455233,7.442359550561807,0
1.0056796683980815,2.3465858929288697,1,-0.3179333284366628,1.2557841830792156,0,-0.39925769436837677,1.4218752796014362,0,-1.055718291718374,1.2810803315235402,0
-0.7241115180004659,3.5278008037522532,0,-0.3042341186195809,0.7748561811958291,0,-0.15665635725710772,1.0997764173316926,0,-1.5434018395384894,2.042832751193886,0
-0.8989600224951327,2.41748785917703,0,-0.9180966481525501,1.5966156186298874,0,0.9992189393735356,1.8047348433838823,1,-1.0834830551479235,1.3620540540540518,0
-0.7521203051148684,2.1849996213264684,0,0.05512726646279966,0.7365734958439193,1,-0.09549627919794948,2.6710966030455494,0,-1.387170081834652,0.8024801764741024,0
0.7306516215168478,2.8209655885266374,1,0.12548191360986863,0.853255635730493,1,-0.363484196176843,0.8775928272451862,0,-0.6031914893617099,2.2466622893412045,0
-0.7791849661123975,1.6004822609831388,0,1.4059167367399907,1.9153973615105222,1,0.7498378341651213,1.274926030084816,1,0.8147530160509339,2.442965123302328,1
4.2553260213030235,5.723151329311603,1,-0.28106182121453765,1.2087825884111159,0,-0.2783450837260709,1.019183969641848,0,-1.6755181267833918,3.964304212707173,1
-0.6755599044616962,1.5926492476461125,0,-1.2262577615856998,1.9375371703535538,0,-1.0704968538350377,2.9092016369329907,0,-3.5710980638129346,-2.016508201859785,0
-3.450032647527311,4.911269427358218,0,-1.3258240634052205,3.27202438000065,0,0.5822141592476358,1.8320600694031624,1,-5.015957419294776,-0.13595838150791986,1
-0.5041835822663462,3.817343829081548,0,-1.24919084042182,2.270085018586305,0,0.6741018825528183,1.8071410955525804,1,-1.5494210407460214,2.333073756813876,0
-0.8629592183572529,2.8696749722341743,0,0.07512450685894412,1.0831905640125303,1,-0.16628459761636682,0.7471895829900846,0,-1.4375045076756872,1.45779152783333,0
-1.6251134238103186,3.9131351050924246,0,0.0899167770274886,1.016281597143989,1,0.3678337276256687,0.9234644216762407,1,-1.5126782021982805,2.4841942194384865,1
1.2175397659721647,2.871342413077672,1,-0.38513839540289274,0.9694258016405827,0,-0.5161365631053295,1.1994366215795087,0,-1.0222243497408443,1.8437131285360306,1
0.7685221739702585,2.4722551212878945,1,-0.5024026295596886,1.000778201646748,0,-0.16942919435760903,1.225406498725988,0,-1.3210524265288333,1.146654656946493,1
-0.5974194180357889,1.5449751574089774,0,-0.03710234007413265,0.8218332496068154,0,0.30240324081678216,0.6748781956533576,1,-0.3866571759246673,1.1740618101545344,1
1.056048611726745,2.3005639774584212,1,-0.2419482356406682,0.986421007258466,0,0.34734969359802975,0.8795615443267254,1,-0.5477419354838764,1.7520737529978685,0
-1.521219748347833,3.5690072324544304,0,0.14023810780845783,0.8659565668831235,1,0.1794730697034317,0.8876997242001938,1,-1.6928232494006763,1.9313122273184855,0
-0.3145733241821133,1.0992467838727331,0,0.22918376340725014,0.5414259316734017,1,0.014001109064234627,0.44175152771943665,1,-0.6152002112388418,0.4850911193651948,1
0.9349593046951152,1.657412796958643,1,-0.792263535094554,1.2618462157739592,0,-0.2536351801593257,1.1751726572670553,0,-1.6534362766420105,-0.021998819359842995,0
-0.7147107466944371,2.6511240232067785,0,1.3412755944026669,1.957766619148228,1,0.5413948008273777,1.1149624306137502,1,1.4180032074792988,4.1783267827063435,1
2.985949380754805,3.479494732945696,1,-0.9174164696316427,1.5532422514416575,0,-0.19070203401104746,0.8696055945022596,0,-1.1203731946580358,2.326472049003928,0
-0.9601044196471534,1.9688880805400595,0,0.28313066247822993,0.9562276322995854,1,0.27617703766737295,1.236657008369322,1,-0.9818012510374665,0.9985024636537625,1
1.9438902217838931,2.7077272742003244,1,-0.42523851485315906,0.9242980122350116,0,0.04830039012670931,0.8638748190065304,1,-0.5771358827457271,2.123219318424394,0
-2.1909050854925414,3.0861830845096616,0,-0.9577786897760858,2.004026027324573,0,0.4353596910717538,0.6390450513094763,1,-2.787955760173573,0.3054457137677645,1
0.5264804962907143,2.8779923139478423,1,-0.16779679259498595,0.5833602410935392,0,-0.5650668306417793,1.0087705103725062,0,-1.1896228318303042,1.7112294739725673,0
-0.5672155849747145,1.3448498546981027,0,0.20283580263090453,0.6412123798065311,1,-0.22198721224031107,1.3627098211247528,0,-0.41021176900467027,0.9453159041394407,0
0.7808041307895691,2.1039476633813763,1,-0.4288044844996275,0.8515906604448795,0,0.5473162507919513,0.9277717396583667,1,-0.31087661643002695,1.8049965696106964,0
-0.7720630116905659,1.7268246759248342,0,-0.6100156050503609,1.0897544884824677,0,0.22738558845823229,1.6026981347412081,1,-1.562050524159006,0.15896867305225926,1
0.18843017091915626,2.0259492169860045,1,-0.3076813380681065,0.6510139547747349,0,0.03511243565429186,0.6701706854510988,1,-0.4963327185286025,1.550412314458496,0
-0.7158344613902078,1.3353024362787451,0,-0.8537699923838467,2.078011097813076,0,-0.3975505966003076,1.063135030002873,0,-2.1782950917216586,-0.857388199768824,1
-0.6324665433576238,2.078011097813076,0,-0.3664154562294039,0.7200222454797296,0,0.6194984897114796,1.0867045163615667,1,-0.622728505560072,1.479973987731694,1
0.2415035842372328,1.212444331562745,1,-0.10677000516911557,0.5133047229061677,0,0.40505680754822126,1.0049261299399443,1,-0.1608182677357445,1.0578022004666272,0
0.2941912527279908,1.0044248899788082,1,-0.17677125450920542,0.5449175539740837,0,-0.2593989807531417,0.6045361509341679,0,-0.8651459689645634,0.1336224283985534,1
0.3955011606743796,1.4937279989537724,1,-0.3258386111156384,0.5942592924244151,0,-0.21450390660746665,0.7161750543613428,0,-0.8653779577988933,0.6267089816940089,0
-0.5505174668815698,1.047633002827485,0,1.6918128265608063,2.4238766089958568,1,1.1884116450175544,1.4761244516178804,1,1.6397227886344665,2.7144423715054833,0
2.5047561770269233,3.1725310720526694,1,-0.999257129112657,1.268627647142722,0,0.3951506679927959,0.6640681702104806,1,-1.1637327131841992,1.9751470406665965,1
1.527568172771767,3.1098405914018628,1,-0.37946028354143385,0.7778988238723457,0,-0.11112198479017299,0.5804440038850588,0,-0.8461297398934503,2.2756658908714846,1
0.8385034229016304,2.481013879292004,1,-0.9946073001658997,1.5281569655272862,0,0.3035963030584592,0.8071039433903191,1,-1.7282765737874028,0.7314844002885895,1
-0.6962147095378556,1.8325818915531589,0,0.29813578739472407,1.5102614421520162,1,0.25277177141748425,0.5417731193247666,1,-0.37158503919464453,1.4812625668251664,1
1.6926824262200257,2.2936663685657734,1,0.08370699463059474,0.8082409690654777,1,1.9073589101629147,5.036711233081871,1,1.38394679147073,3.713393455641001,0
2.3907458983057714,5.590762372007062,1,2.252366850517613,4.089736692593497,1,1.3970154535802817,2.546105147261217,1,0.9936274509803957,6.672362017189608,1
11.076709587567194,14.915959837701681,1,-1.4301229026010502,4.001393740836616,0,0.6542862915817103,4.433331496482438,1,-3.6562667785455383,10.730065221965072,1
-0.9967057034771046,6.157528915597235,0,0.8646247545031054,2.0753006565184013,1,0.5644982061783622,1.9232670685190012,1,-1.3569960537471677,4.98437187012212,1
1.639786642956265,4.598098593932806,1,-1.4360185177681004,2.03592792802528,0,0.2652929272266275,1.6693819998977117,1,-3.7664403744518364,0.6894925390182802,1
0.06402515621328195,3.2147652275864678,1,0.3524485997458325,1.7773633676661835,1,-0.04710193037168357,1.3109588696972267,0,0.4583966395567153,3.7692946824224602,1
2.21315400095762,4.357456321934268,1,2.6674637567595747,4.711225059385563,1,-0.5385774658639245,1.5380207899993865,0,1.8731972124158263,6.367712187209541,1
4.045701788522257,5.770040095157771,1,-4.02812958102879,13.045245638415985,0,-2.1841490360518594,4.000684752606642,0,-7.4688471947328114,-2.067955112219456,1
-6.237609256610437,13.045245638415985,0,1.1293986773719351,2.7707649355480726,1,0.5181250000000058,1.2341071428571533,1,-7.231404958677685,6.30147572017474,1
1.4579789289674268,4.936739949363064,1,0.5428789851544846,1.9602381191824088,1,-1.7126774429446963,2.914606053201446,0,-2.8304878048780533,2.0286721435326633,1
-0.39131785208593994,3.730824579780509,0,0.746506001708149,2.0883585801734603,1,3.1432714179928483,3.1681912709568425,1,1.3475481611208355,5.209625854143188,1
5.018635848726225,6.267130508117227,1,-0.9531543635575145,2.0274832268981906,0,1.3175615320131504,1.3938323690683865,1,-0.14462701320633942,6.169356474241383,1
0.0865653619503592,2.873578856963072,1,0.20407365682661585,1.5897694698332985,1,-0.36365948787518587,1.4836357469899912,0,-1.2522768288076593,1.63050286076625,0
-1.439305503871621,5.955688319544343,0,-0.0301678626069343,1.1979227271747759,0,1.4168516802103759,2.0528959110210625,1,-1.1720637583892544,5.003030573134868,0
1.5096860387441517,2.507811321567873,1,-0.5273654754914372,1.3874997556919582,0,-0.36299345757674106,0.9711996720247428,0,-1.3499803265371817,1.140019085625053,0
-0.7214522860010183,2.382407101333884,0,2.6419389623949376,3.3839412560121835,1,-0.7269985369946822,4.287256172731382,0,0.6951901547050049,3.144105788381605,0
1.8016876914913684,4.878215771186006,1,-1.168843941471231,1.9590009389418725,0,-1.4861854856137473,1.7043317865705572,0,-3.3691225165562897,1.4162467419635119,0
-4.234316854637182,6.8512495828559405,0,0.6262679488868352,2.880604224300707,1,0.3131667999539094,1.0062895278139634,1,-3.594961929837046,3.4647798742138294,1
1.5707197119395808,4.171606727264743,1,-0.3751813232316739,1.4129812737838223,0,-0.2736052898758132,3.1013806089952154,0,-1.3812473118279545,2.8200000000000025,1
1.9495597238527185,4.6309823699357064,1,-0.6519997796152598,1.6162677844128523,0,-0.1481232460492541,0.9631423971221856,0,-0.4979414073980666,4.23133535801457,1
-0.15070925743055835,1.7799458362117542,0,1.0975223348343628,1.826032516222866,1,-0.9144479072225665,2.365985865255264,0,-0.9661102680829571,0.8186570385710227,1
0.6815341867164237,2.7117806110616964,1,0.0629079317963261,1.3219098375862108,1,-0.5692946645585988,1.6804095213373937,0,-1.7574975410718179,0.9304318760338326,1
0.46734015819742697,2.129931020525188,1,-0.86314900858702,1.4172393161604169,0,1.0977743949159977,3.5136231211641182,1,-0.45583425122816484,1.6957086146892373,1
3.201774297359275,5.887136092400408,1,-0.2635500236967408,1.7319349953297596,0,-0.3094434910837104,1.07783229696135,0,-1.7539485288222596,4.101367377313218,0
-2.7897119565703385,4.759915033163248,0,-1.1086192468619211,3.5328870292887053,0,0.38360953388988145,1.6682022893045372,1,-4.358695187907031,0.37790746849361656,0
-1.6104602510460313,3.747112970711303,0,-0.4843489897281045,1.306815573303581,0,0.6109332177952547,1.3409937129169198,1,-2.0015504675524824,1.7897256013270635,1
0.8262924049793533,1.8604544395681746,1,-0.22771013006465282,0.8468286725848798,0,-0.7334624497645914,1.821995085463592,0,-1.0991985956085997,0.7544994599705731,0
-2.7446661010459525,3.39186889294082,0,0.5092901427070793,2.0211991696601523,1,-0.03322821135559333,0.6645642271118037,0,-2.507556148513545,0.9062739160453769,1
1.2135002225054128,2.8367920706534933,1,-0.5029897663760656,1.1460699750046468,0,0.06590154343823541,0.9150506736410926,1,-1.0983391511216887,1.746986891880003,1
-0.2870312728792305,1.6303068032063193,0,0.8840110866076748,1.6598161957146682,1,0.1269053882904964,0.6443935802204376,1,0.5540717143444894,2.2152420453460766,0
0.9276023923732252,2.0932407733166176,1,-1.4929704520697191,1.9019778050108915,0,-0.5318441352026184,1.8341150759715628,0,-2.9331800837520206,-0.8899255389559318,0
-3.5872821350762565,5.612319580610016,0,0.14476762148563038,1.351988347971928,1,-0.7289707926818939,1.4350207477658854,0,-3.892044151400488,1.8113428269330354,1
1.242882994218116,2.645186917950301,1,-0.5217697774823277,1.3185133617903255,0,1.3700900502734796,2.936959547091585,1,-1.6979514796792912,0.9204329901672432,0
-1.159478701307084,4.189163135713363,0,0.4389239216184572,1.5950922410887007,1,0.4633632050606201,1.2028641714988566,1,-1.3433687382141806,2.915923443186558,1
1.8029942835762653,2.450173222287521,1,0.31753900339204644,1.0364216543574094,1,-0.958722003443086,1.365740480803538,0,-0.823842272281608,1.617847215141042,1
-0.5809126473081173,1.4590847874204687,0,1.0639215949496728,1.7449011524872933,1,0.32383117992212934,0.90256942874937,1,0.07763975155279502,1.5525699339264944,1
2.0682182516817478,2.24090392801073,1,-0.7220968641120926,1.1978031453644613,0,1.1425366515813724,1.7772887937300748,1,0.078697882924517,2.3239273141093695,1
-0.49611076819051964,1.7639209398699456,0,2.251065318978122,3.731103883182026,1,-0.18753118880180975,0.966423027085505,0,1.1183361629881137,2.9235167915364504,1
2.2771407593442676,4.724629625817429,1,-1.601069840841041,1.9660171164467066,0,-2.5354301029879878,5.128336322261941,0,-5.194176607971935,-0.6591402518454159,0
-4.371732778054169,6.721154273700397,0,0.1431316969574597,1.738729804916141,1,-5.057378371176522,7.225239470990008,0,-9.634632353248671,-3.144956845702319,0
-10.838869338575355,13.071320128827303,0,1.392913385826776,2.6438976377952654,1,1.4342940244540159,2.3288844735537415,1,-8.708456220294753,4.905855708830518,1
2.9165354330708633,7.325984251968501,1,-0.47953194011586636,1.9631555801992346,0,-2.1348722708745336,4.132531579159771,0,-6.039307769976751,1.023284183781152,0
-2.8011892698036385,6.863157492208558,0,0.6945079765126488,2.516951995333227,1,-0.151907197800971,1.4197555603997267,0,-3.031160400836495,4.036243654822332,1
0.9315850619794336,3.476376399713928,1,-1.3727246761931378,2.52777471796366,0,-1.0321938169140248,3.0336500321572606,0,-3.8962117721828253,-0.5,1
1.1571946194495564,5.221656725249379,1,-1.0182606600819089,2.136738135389061,0,-3.083069456940428,4.069051875567201,0,-3.892984217994823,1.3176113360323916,1
-2.44317032040473,5.985160202360882,0,0.6741055953924617,2.176968025905569,1,0.553551143887986,1.4237535534981667,1,-2.4168643465841213,3.7520343366510307,1
1.0546108486955776,3.6738063659822595,1,0.5697648937169312,2.026852518548668,1,0.9033073929961145,1.5070038910505843,1,0.12015388196523565,3.8516718129156566,0
1.1820860595435614,2.6976763297123,1,-0.7869355927351978,1.8313803380206457,0,0.3340155945419146,0.8874269005848059,1,-1.8937188862158512,0.7533268101761231,1
0.4995464821909811,2.020426674196292,1,-0.5239191343459788,0.8853454558740665,0,-0.35206028694266467,0.5226800637650391,0,-0.8430808958022739,1.1879809813244477,1
0.4121933068345131,1.9943348659578526,1,0.9264435595037588,1.6263976106601457,1,-1.9628913381823827,2.795621621775425,0,-1.8365034028401859,0.14510948905109347,1
-1.068502067697953,3.46415990197581,0,0.6227983464263757,1.5062647381422771,1,2.0758324913162487,2.77860831159792,1,-0.6522779144503316,2.8672821075096304,1
3.2530791715108682,4.980258869000539,1,0.6671102198399509,1.7451318477425604,1,1.3413354902422405,3.060750555903562,1,1.3799311288496108,6.472600835306487,0
1.0535637310943295,3.081507581010928,1,1.2995827538247553,2.6628650904033426,1,0.08679991246759482,1.214191602566263,1,-0.011151726552346343,3.08750118978398,1
1.5441817338896697,4.053685674547988,1,-0.5451066880362416,1.8693807847381154,0,-0.9571021665229242,1.5893223404362864,0,-2.6877477477477494,1.3021895729174615,1
-0.08840061551668509,2.8745724944407196,0,0.10541363891717222,0.9580400736251332,1,0.1499693763081272,1.0102623596946603,1,-0.5865749954767518,2.3272618241717544,0
-0.14752428669951756,2.0428688221350315,0,-0.2557727180034854,0.7529612299037367,0,1.7086311139809012,2.6825939568260826,1,0.6052437550837007,2.685331908355159,0
1.296055320794949,2.6745943711712927,1,-1.0524301223592194,1.6181857902975656,0,-0.9522697267276846,1.933279988467285,0,-3.0151095277568407,-0.41044834365270305,1
-1.387712801587396,2.919053697588388,0,-0.19713355180089837,1.0086498869663851,0,-2.7414532620485725,3.762455102898559,0,-4.66656136471332,-1.8005931628222658,0
-4.671872896929274,6.504766273589873,0,-0.43181432080185383,1.407163760230281,0,1.3216037464727424,1.5229689407689304,1,-4.598626168275283,1.9900724829291907,0
1.1083778120959797,2.108298148640489,1,-0.9561341171910275,1.5332917843149867,0,0.8075246264336016,1.1524289006391883,1,-0.5985973772941493,1.5103265693652108,0
-2.7770071786063024,3.829571753761264,0,1.0171087618664219,1.5317196874822872,1,0.2610228457875437,1.645372697668206,1,-1.5278819965867831,2.3872838641586918,1
4.954253550405103,5.8839331591913915,1,-0.40471352503058283,1.3373425984731573,0,-0.7944834034595545,1.2699392239364162,0,-1.6977397126403302,4.111074049366237,1
-0.4530444775135321,1.951024634817285,0,0.19365583122862468,1.6336847066128102,1,-0.16573543582350436,0.6046775675453622,0,-0.6963898296423178,1.275070737240303,1
0.3259701727006113,1.6336847066128102,1,-0.5407651971980539,1.7631014184020348,0,0.009933641401180507,0.7909427681684862,1,-1.5487534626038741,0.06550736770186041,1
0.46192884413419055,1.9901053853802315,1,0.721707534051526,1.577088661492267,1,0.7751480870989027,1.0476891594438902,1,0.9334569553091847,2.9682128232382303,0
-0.8396111684704737,2.982192005743972,0,0.41239873761983925,0.8222697190726685,1,0.22060435332143832,0.8972487419022392,1,-1.7136986301369828,1.259159318512831,0
1.4512129016674784,2.1377327525111403,1,-1.3375461254612526,1.5912361623616218,0,0.39598145228115006,0.8177755830766141,1,-1.2930510814542087,0.8259171582056808,0
-0.5699261992619987,1.7429889298893035,0,0.46527029922556845,0.7298139382589308,1,0.4177380266288325,1.1397976976843833,1,0.3816547591610937,2.1610799207397635,0
-1.4666774265061298,4.6669876067056,0,-1.1352188307227284,2.6908437052653067,0,-0.2776930409914128,1.136320305052438,0,-4.070850494779801,0.5536031150475099,1
-0.30750614682451793,2.7096917682027586,0,-0.3587914790570991,0.7509743085247211,0,0.0368438494985647,0.5162886848550015,1,-1.1837791878719877,1.5534682080924855,1
-0.16969995081161326,1.000699988648841,0,0.6563490866599014,1.09255565451378,1,0.009705618233753264,0.4811348223447784,1,-0.004525829759040886,1.0029523809523762,1
1.199449501430776,1.6605062803691844,1,0.2694502988891952,1.1616176768396635,1,0.09658881589404895,0.7487737054013057,1,0.001121507904769029,1.664543112892304,1
1.2079323767878987,1.7354886857125769,1,-0.7768565649381054,0.9433787518430485,0,-0.035660308489671194,0.9379034539155968,0,-0.9792870878841191,0.7465602582125007,0
-1.7692287744411659,2.564145309594202,0,0.14638319385115545,0.8138792395242251,1,0.05500881648154704,0.5472623694482575,1,-1.5505662913609302,1.0391448931116467,1
0.6303343328010588,1.2718926347182866,1,-0.7330515226214108,1.025578539895587,0,1.3643677900414708,2.111143847879803,1,-0.4180645837701811,0.8550671188343301,1
2.4003899110515445,3.9547853146001115,1,-0.2945908399545394,1.0660729091737708,0,1.5829778014033995,2.3089147852623846,1,1.0755681299625843,5.1237487019532955,0
1.143770213653856,2.6730984293979523,1,2.922030367633901,3.945947998546161,1,-0.5192420875095421,1.4380836093078906,0,2.082207206194368,4.836326017882217,0
2.176582167468637,3.945947998546161,1,0.462615156044133,1.103799054417451,1,0.24763487114794386,0.7169166066886893,1,-1.144218106029362,2.7568759143623343,0
0.6367594994058116,1.551459741951354,1,0.032095022369787736,0.7581459804721676,1,-0.49340153461677394,1.9510149760946889,0,-1.3589064454585593,0.1753886362003087,1
1.437681139030361,4.886445172908644,1,-0.7066213033237448,1.1309927188714877,0,-0.22051005389663977,1.5856471175686928,0,-2.4170410085494964,2.435131026423607,0
-0.9657331131027427,2.19135797119785,0,-0.17770544077592443,1.088697129790539,0,-0.023557559261715807,0.8873931152376242,0,-1.3020211975033176,0.9037936175872989,0
-0.09999755250746055,2.3398028719576818,0,-0.2213378429096152,0.5883387326352588,0,-0.3015263125121071,1.4015974404467948,0,-1.5017611271213633,0.834114438906319,1
0.7053065966550935,3.2683638234231442,1,-1.643762281069977,3.03001860682586,0,0.4403931728454855,1.611446688038333,1,-2.134880759833439,1.1150212310922436,0
-1.6049147744802306,3.03001860682586,0,0.1915833912819492,1.0835801296872105,1,-0.22672183124323686,0.4725499294300791,0,-1.6327449528732754,1.4293750000000014,0
0.2993325026385743,1.3366714084511957,1,0.8087420155202456,1.1104365728765169,1,-0.1585820651277434,0.6825050904232032,0,0.1100260348229011,1.4562309514995162,1
1.3564377342553984,1.526949268859203,1,-0.4447596839193682,1.2331381125103882,0,1.7174192388989813,1.9987560116652172,1,-0.0004337890431765192,1.5282586923566805,1
2.131860003576825,3.7336199427359924,1,-0.16217089597933132,1.5306313354649956,0,1.1027257240204356,1.9742759795570755,1,0.43986486486486426,4.225613806908708,1
1.376879379549628,3.23100210898701,1,2.25838895492365,3.4772965768081163,1,1.6186025772067718,2.5835182372502254,1,3.0648577024429557,6.417465753424653,1
7.3929670598834205,11.205964435176273,1,-0.22792191916815896,2.041846089436324,0,1.5686001006186012,2.797024698575199,1,-2.795919909331325,8.117084485381236,1
1.4108819828425958,4.073538015235935,1,-0.7085277503492943,1.3216249231702848,0,0.9994404871564323,1.3678187768164591,1,-1.6902314841103099,2.35103923548464,0
-0.3209517486363215,2.367972296634285,0,-0.05618224996387517,1.0635214910630097,0,0.42729790501896353,0.7385729888669051,1,-0.34654520965295077,2.060201951009521,1
1.4118978085831246,2.2832250002511643,1,-0.5841772253182064,3.4194104427965915,0,-0.20464872341828932,1.0884183697724152,0,-1.473052447767289,0.7857299156228825,1
-0.6373673770625428,3.5037678897607503,0,-0.02706822726882856,1.3035690186118982,0,1.2670382166826388,2.090409822172912,1,-1.6107271057871686,1.8951094798872334,0
0.19637883862734765,3.6538272786386448,1,0.6858730511056078,0.8035912469097043,1,2.087543316257718,2.988080521482892,1,1.0526792452830156,4.8223274748502725,1
4.460738915125022,5.594369733105753,1,0.2334648604232008,2.776802462339587,1,-2.968003135915004,4.063891342885396,0,-3.5935596170583084,1.8030816973766763,0
-2.69441172352776,7.131416893473315,0,-1.0198993357849053,1.494069669519475,0,0.12178887392834462,1.6824512958610045,1,-5.199103635153244,1.9550108594477262,1
1.4509084937879604,4.94884685089132,1,-1.766777099524825,4.059856689957145,0,0.660392409494711,1.6257267227554124,1,-2.269890109890111,2.671900253982913,1
0.7876701639548919,4.059856689957145,1,0.14466351546344058,2.36303393954938,1,2.3450587497534214,4.099602250479152,1,1.5454577362828312,5.7706984247398525,0
1.8177637658794543,5.004119557062872,1,0.04637869362814459,2.015733971813348,1,-0.15577271963228945,1.081714746097707,0,-2.3472340425531852,2.593478712790518,1
-0.271315357724665,2.015733971813348,0,-0.05064670832727325,1.3841738119459366,0,-2.716341765182097,3.855030487472242,0,-4.333642280012101,-2.381191711099088,1
-1.4407789565470184,4.523325098096207,0,-0.9503034873427814,2.7372776132241143,0,1.6861830183554165,2.081049603905512,1,-2.329131298537113,2.2699697428139194,1
3.4079544467045015,5.862512353798044,1,-3.22940865629081,3.8746351906266923,0,1.8565673484947758,2.2309423475748376,1,-1.7307878009849658,4.1564755375271805,1
0.8475541926193507,5.388496166385829,1,2.3353229596096763,2.9296699930620704,1,3.120758620689657,4.347931034482752,1,4.293959026440201,10.130265286183498,1
10.139047986059214,11.790811864919974,1,0.9726222937510218,3.7578675988190855,1,-1.2894016437904232,3.0247393313814275,0,-1.9374049654483163,9.681134751773056,0
-0.06554196736099442,4.952294673609968,0,-0.875008331581569,2.1059674632513183,0,-0.0726073674171986,1.1442610761795435,0,-2.70242683001669,2.2467739886983495,0
-4.898393158361584,9.149358340041326,0,0.8433967302613992,2.8133454534665034,1,1.5163484557915128,2.5132226468304064,1,-3.2348243823913396,6.391122569855763,1
4.4494959984679,6.323351306735569,1,-1.0592404880178372,1.9569664985004576,0,-0.18422530062279618,4.529905602485929,0,-0.5698089359012839,5.7611126087189675,0
-0.9857484946411513,6.65057334087627,0,-0.2994920947638029,1.7956495792647427,0,-0.20764217312534108,1.9368171729292654,0,-3.3828924064365413,3.3287778606726866,0
-0.23238814488198872,2.5427185047937035,0,0.6605967767421881,1.4694148328364267,1,1.6988865940315088,2.2386214763611303,1,1.0604052507434094,3.673818798380922,1
2.5657952300172178,4.5717449758209945,1,1.1292828938988646,3.0696726531652017,1,0.5482997481108294,3.6372795969773324,1,-0.49646645208776313,4.059748150037444,1
3.80843204687301,5.6616354604508965,1,-0.13907975460122746,1.804110429447851,0,0.059934422521081554,1.7446756717880467,1,-0.6376912875328539,5.068148052451395,1
0.21828220858895658,3.21588957055215,1,-1.403079491721066,1.8757505021708687,0,-0.9936024844720457,2.3762732919254654,0,-3.4843087279896663,-0.3163992228088002,0
-1.546723006097042,3.8361447965794793,0,-0.3083366474448137,1.5152117717240017,0,0.019254351857391588,1.3719193037028181,1,-2.156788474282957,1.7456459074393411,0
-0.7289595346987442,2.383301849274215,0,1.7713384691173766,2.6876796893240886,1,0.31570585886330704,1.3703763181842585,1,0.9381570810142283,3.3905004668557845,1
4.6892458384688,6.381212720235813,1,0.20438968546467318,1.6281231598800718,1,1.6064870385704773,2.7825968676843527,1,1.137145877491052,7.631570659191832,1
5.695770825300338,7.7595148210917735,1,2.297959989299712,8.152634040596608,1,-0.4866084556994428,2.1501316711736376,0,0.8028878441907271,8.699215449607719,0
0.5891944075734515,8.152634040596608,1,-0.6733000017984601,2.7116904663417327,0,1.7477379983450336,3.5849033109614172,1,-4.067250987393821,4.047655513286112,1
0.1827127133428167,4.739795964246546,1,2.314675320959011,3.718977891268096,1,-0.34304057394887905,1.4524682147528338,0,0.27163321324883904,5.146593399751664,1
4.855022087410386,5.998472705930804,1,-0.0503610367202254,2.7516606832831405,0,0.2267958644430062,2.487685546864534,1,-0.8797931248433064,5.08819366731226,1
0.21364639594798765,3.4441918364812953,1,-1.097112476857579,2.6369681781311103,0,-1.44961122221107,4.965735479849134,0,-4.4439057806818765,-1.0896476113333848,1
-1.5551816336589492,6.250790994332606,0,0.2562850601651509,3.043140956783093,1,-0.2583667345790605,2.3489066246811707,0,-0.7141506242491524,5.889204545454545,0
-0.2671896531145905,4.255286828770768,0,0.04530394432564969,2.6183286814757465,1,4.703542959525819,5.116080087323719,1,2.1164880170719895,6.565788706223478,0
4.209133449212811,7.470364802805472,1,-0.9130576950456228,3.143185991437863,0,1.4415410411714675,1.966838554457907,1,-0.5814177767559463,6.9763722178192324,0
-2.3087196801273353,5.314644542175204,0,-5.94123853808677,8.85362712284352,0,-1.7398375370687817,7.2702872528866065,0,-10.723447922011289,-5.797819381936244,0
-8.368291323227563,14.380335810295595,0,-0.4467533496308065,2.5310004304442244,0,-0.5039002381690858,3.382293562412598,0,-9.691481801106667,5.304476507584158,0
-0.08107961703861295,6.036820164593942,0,-0.8282450621722889,1.8091091222921678,0,1.0797573394252782,2.2821369634541084,1,-1.8549223924830123,4.334101793255672,1
3.388095135422408,5.949868243010938,1,0.5796525808193423,2.0376418735517845,1,1.476515938296995,2.4667293237299104,1,0.7624596069631128,6.85907741684302,1
2.6382824590494067,4.612847479831499,1,2.4317529229120582,2.760053306222274,1,1.6847139791224603,3.297621532911542,1,2.743826852734251,7.53447273917628,1
8.262134721859665,9.16317474274253,1,-0.866139214648339,2.183568122057325,0,-3.903009846671858,9.314401327576666,0,-6.398562233974273,2.178301070246066,1
-4.730624410955796,9.226823822939334,0,1.8053385649018039,4.263522327827801,1,0.48806572562626993,2.861526000696945,1,-4.786170907635842,4.777348066298346,1
2.41482410307028,5.395454480080932,1,-0.05280932607496352,2.2099272167820234,0,0.7752038866386554,1.7460306718797978,1,0.01581648739590152,5.541398494600191,1
1.187871648884065,3.846912267320293,1,-0.6710926062528955,2.0960455639266438,0,-1.6484885660066173,4.153082523379049,0,-2.936649508180015,0.8642266924130466,1
-3.941267308438196,5.034017594704514,0,1.484604891775249,2.6915702238274557,1,0.37665848081255987,1.3642444428476583,1,-2.4113540467970824,2.7303381251854137,1
2.745725487504601,3.6738180211559315,1,0.34515923822825423,1.2035693243510575,1,-1.0978083877366245,1.5529705938795482,0,-1.04518229444929,2.6197297297297375,1
1.1397978412674739,2.858601087455129,1,-0.049832010412103785,1.3867846127418375,0,-0.9071595441227674,1.5004711075545054,0,-0.8886421582839652,1.9883289473265997,0
-1.0917130811090823,2.7134200286508268,0,-0.17656138492520573,1.0229300432202648,0,-1.3036903581255703,2.9129511056025743,0,-3.6076372806340387,-0.9256810367627611,1
-4.518032250211518,5.9272391940209905,0,-2.2247998641277063,2.7419119658833697,0,1.6142786028559797,4.09714021666581,1,-5.475128947102541,0.4420949243318435,1
1.3397730692124052,5.540783264550687,1,-1.0993520029245567,1.4858425202114898,0,-1.1697886843899026,2.233837764144498,0,-2.417110338720294,3.1954050746216005,1
-1.59643013892739,3.5269955646331037,0,-2.4676306690848837,3.291233568763253,0,0.35836899145048356,2.3441409393749266,1,-3.7813548337394547,-0.26675228947956464,1
-1.1522002378043037,3.949798085510915,0,1.9614302518463904,2.1821583996211085,1,0.2915848323672793,1.0323767400043278,1,0.8121186872041876,4.948268541422158,1
4.35023012850483,5.179402625333934,1,2.387962245630968,3.5123409952660882,1,0.6087716955455633,1.2460178609749557,1,2.0536007250298893,7.341913325250871,0
1.8904302319954973,4.19283845283868,1,0.03446147676825777,1.8619640326611369,1,-0.263184686107492,1.151778885184966,0,-1.5613412001252527,2.6056334247722583,1
0.6396781089212515,1.9198697565035716,1,-0.36987018485208495,2.686682234868865,0,0.7074859976729635,1.625749073716257,1,-0.2452589303712777,1.6873199674802144,1
0.8329212999881045,2.686682234868865,1,0.03987743477466677,1.1440450126192794,1,2.3788914425573746,2.7160717465342725,1,1.022800677029245,3.7689238845144337,1
9.936684924528747,11.829962618120813,1,5.3158018929760695,5.876690625386258,1,3.1138602454827184,6.742145291534074,1,7.371217921504439,20.176567072974624,0
6.81344035477384,11.859004370999333,1,1.0053924920356552,3.4842480625180445,1,-1.0413194409827216,2.4486590026688666,0,-3.4778988097741457,8.030581753753054,0
1.3414431694589855,4.046230621347716,1,-1.1082855667497027,1.6689532690491966,0,1.146673601898739,1.9049450681539521,1,-0.9318573413935667,3.1607361590059107,1
3.0288587225418766,6.471336808968964,1,-0.8203040132738499,3.210124157068208,0,-0.8695015661606069,2.209337896770912,0,-3.0345974667779974,3.3569867313856063,1
-1.5582756419451516,5.055158084050335,0,2.1541614385503816,3.509928272729796,1,-5.325929466406079,9.22701493869454,0,-8.172799122892224,-3.380105548186733,1
-3.1479047414132855,9.624576868754227,0,-0.42514154901501916,2.6059700036087827,0,2.2150986173739446,4.021357860751724,1,-3.9051427571824346,6.022906160844377,1
4.769347962445824,6.4158923467048625,1,-1.1096566282157048,3.0215272798109627,0,1.2739418892224845,5.501076023262673,1,0.03179102142707189,6.554801977698845,0
-2.398791221155488,6.17983566115905,0,-0.22188240361834333,2.3105750592289533,0,0.033922605532321994,1.97959550961378,1,-3.7220555341143524,2.5417990428253527,1
2.2023691578720603,4.648029291406422,1,-0.46388587801014114,1.6835654868232968,0,3.396224339741723,4.517271547340432,1,2.3165682190356782,7.180144580860884,1
4.033861647805512,5.782487381680888,1,0.2684307402966987,2.173949108218377,1,0.3256858603770179,1.7638426575062662,1,0.3932275901037264,6.283632330106798,1
7.090188925229053,9.404301446831171,1,4.268593266545513,4.978224893466489,1,-1.450068290478588,6.723208479316605,0,1.4247934500829913,11.0521733022072,0
-0.8056921628126015,9.85136114719624,0,2.7473800452847734,4.758520616305719,1,1.702542071053334,3.4136170717953376,1,-4.614394138545636,5.038688397361278,0
3.0297429925594894,5.3115099672977335,1,-2.449894407479876,4.569770581295144,0,1.769131185543074,2.6095329437565,1,-2.2351364897579566,2.990153223208944,1
1.228275864619658,5.781329171274401,1,3.645999269272926,4.520862257946659,1,-1.3966285357517092,4.331439133394712,0,1.6560321226501122,7.807493462527848,1
5.5217391304347805,6.14523200584582,1,0.9867024120892076,3.80681135810109,1,-2.6418605607591896,4.433500238190707,0,-1.1936097223332953,4.88752164874817,1
0.34464844854552934,4.739002693020264,1,0.5984214281354528,2.6527579834639297,1,1.0479108098595546,2.578223181663803,1,0.01136518771331654,4.9142253609373245,0
1.3897073859218148,3.379353460716568,1,1.4399146979150765,2.8730971681462267,1,3.6152357441050977,4.74069539675202,1,3.2438720538720553,6.766817548746519,1
9.539906639642547,14.562692510260696,1,7.0398376484603755,8.761191078735715,1,-0.8562598400886918,3.550041643269802,0,2.3666636666366583,17.459139414802056,0
2.7356159931662476,8.761191078735715,1,-2.951782690830013,5.810849673242148,0,-2.9909593896568163,15.022217710204083,0,-10.219166666666668,-2.294491899760616,1
-3.214356238185629,17.949712765767647,0,-3.7926351685877364,9.166122536713567,0,2.992895025609446,4.131254814140901,1,-6.031049820372949,14.080623061945621,1
6.192068878272862,14.237559286247093,1,2.134546747712241,7.426607717324845,1,-0.24410601668302168,4.761202635298767,0,1.5584057971014535,17.040839436856853,1
8.123824133159488,10.863923965207855,1,0.09203828185083812,3.5433111436285247,1,4.1335813686291365,5.914259816520716,1,2.6292798298985427,14.0239058877717,1
7.1443021415578025,11.05045129672556,1,-1.3465503805435426,7.938276801232276,0,6.248214152308657,9.070476064313878,1,2.407600923310123,13.89495561213957,0
2.9270127325357667,13.620753322084028,1,-2.5347346148589827,5.458454637787589,0,3.215649470568794,4.860041451278627,1,-2.582452380952375,11.73457795488384,0
-1.0906339687867892,6.475986388337452,0,2.02144384088496,3.226218505104238,1,-2.6571095799135533,6.303900368003329,0,-4.386886729207145,2.107447221007635,0
-5.132649718954654,17.713957532805193,0,-10.075991330249167,15.541461154862798,0,-2.9569598774469266,9.663086860769234,0,-17.525235223160433,-0.3970622983986654,0
-7.098934937041583,20.96236120747661,0,2.848288462726491,8.262324289817888,1,-5.198531420427811,5.9927229282068,0,-8.504918404689423,15.684014443611325,0
-3.990695551529201,11.733015587433588,0,2.7562492985166567,8.307590240875433,1,-1.2856330251919057,3.472656978733773,0,-6.600111410638278,5.36051362211287,1
9.867689221278559,16.078262918605606,1,2.2222852159560538,5.005817857600343,1,1.0546644454025258,3.809077324269682,1,1.2484656084656038,18.38716941724388,1
4.65551624092857,9.080591300785231,1,-1.8506446565059171,5.470780356994146,0,-2.5535414096939197,4.203215347062837,0,-5.929606474545017,2.76987125662801,0
-6.108642131726856,13.574135881340494,0,-0.5249239640596067,5.79015113655582,0,2.909289366001462,4.203226932222628,1,-5.886909860432307,8.659831297265852,0
-2.1171516308642118,7.053329294759522,0,-3.4315733179020915,6.095240369516885,0,1.7128375803094997,4.961605341165198,1,-7.442497019301028,-0.6502687411598377,1
-0.5394086830192393,8.34534040142157,0,0.7670888139347668,4.155013236064183,1,1.995364140451915,4.6254997759076035,1,0.3837509161486539,9.300886250482138,0
2.206727113778783,7.458223498005386,1,1.470933965202474,3.0731345978352613,1,-0.5846971431579884,2.437854271348679,0,-1.7131172185957375,5.838342508234421,0
-2.0405925736830572,5.418425116361775,0,-0.5242123231274446,4.570034716213964,0,-3.4239215686274407,5.505630252100846,0,-8.294505753311372,-3.217816540347742,1
-1.0901097382337668,8.471045997659948,0,-2.5688299160635806,4.69465035221985,0,-5.764819195752365,9.757064165446822,0,-10.893301610039487,-2.7827245508982044,0
-13.227749501142712,15.702143558835314,0,0.01447212752604862,10.559753337837217,1,4.661978409175367,5.959498622376729,1,-11.393432406089001,5.053727579669388,1
7.054999925367943,16.434788139085576,1,-0.0003637565135009545,4.170316862236315,0,-3.0510578501862,5.224544673722037,0,-6.519975727044412,9.919687499999997,1
-2.6421151228739097,6.190984294812525,0,2.1287055608413956,4.372899816127795,1,-1.468232447985873,2.349982791769423,0,-3.17705087117841,3.1153712629402777,0
0.5933321245495902,6.589055273194472,1,3.403319886054279,4.896828833047476,1,3.738887938788101,5.676454635115878,1,3.377308148719227,10.43917835376833,0
-0.0862211535424077,9.132752703237571,0,-1.8978339736208754,5.268851031252945,0,-0.6435566953330432,3.882089877491461,0,-10.278777803256139,-1.9949829550720257,1
0.7450374486852974,6.526996682075918,1,-2.194292110025176,3.5980954225877215,0,-3.4481066955146336,4.461034815669728,0,-6.583532807659809,-0.2062086269831512,0
-6.448104570340073,10.545682645253232,0,2.5137918727039597,6.692698080081925,1,0.3993895311454272,2.862494744663604,1,-3.273836928777423,8.10624452624981,1
10.048627320035214,13.04941542704686,1,-3.4593501203093977,7.209873431782572,0,15.788812740545453,19.108838586373032,1,12.034367288661725,26.912049134464596,0
2.27235129742425,19.79774646104084,1,-0.6653298589172556,6.045081219679965,0,-0.2779139668890064,2.8725516822980377,0,-12.553676851372353,5.569771803688642,1
0.16719338370633754,6.045081219679965,1,-1.969143611157855,2.6578278429361455,0,0.6932240406919767,2.970322656653732,1,-2.5742462581649375,3.5671637248934824,0
-3.3784360961265953,6.374629411673808,0,2.1700182903698906,6.42434141379485,1,0.06311057036992372,3.428790781952984,1,-1.7338172163578889,4.94015909945114,1
1.2757955827669387,7.257827770918554,1,2.2734464653122637,2.9544892761057895,1,2.191183922128098,4.514286298383352,1,0.18649186293221992,7.6326639555055324,1
6.0452886155124785,7.693189512185509,1,2.401955550497199,4.195125716576455,1,1.0070032775911648,3.325070544727492,1,0.6532037978631233,8.411814306614056,1
6.182848028180463,6.621477756796311,1,0.5259597272703155,2.640198445334692,1,-1.0611615404022696,5.0403985597127035,0,-0.176768955025166,6.454386284725906,0
-1.8483007454965121,6.767489984877817,0,1.9533974975313955,3.1348994762098874,1,0.681904113431852,2.5447713348913403,1,-2.2285238249099497,4.661490455872131,0
3.6115884911102807,4.70829768755807,1,2.7630741127348584,3.763543841336123,1,2.181361850720209,2.8082080537593885,1,4.182228792777003,9.136455046047946,1
2.5106993736951946,7.292980167014629,1,-0.4890158574964225,4.212955890290968,0,-0.1298848845314217,2.8848978371966214,0,-5.226508014043965,1.7014287691001087,0
-1.060247283245245,5.893117215109948,0,1.1163776203770748,3.519365398210868,1,12.308225990752373,15.299194793945217,1,8.741288137368013,15.468449009473456,0
19.413481120318917,22.282145058599923,1,2.4759766875204856,5.739456838777298,1,-4.974079774245227,6.3378678855856645,0,-3.039767837554798,19.030290160802732,1
0.12851619026251418,6.924436829308142,1,0.3192891970774598,2.856417723615351,1,-2.238807890222985,6.084541166380777,0,-4.984809012924931,1.8058000000000012,0
-3.525774348893089,7.781730506582581,0,-0.18252296362715587,3.723941095935917,0,7.420117108476484,8.788140180754283,1,-1.64612051028532,6.488264314546272,1
6.971075226793769,10.379931792994386,1,-1.395299561576583,4.544396822304476,0,1.2076040635212366,2.3854262067380656,1,-1.9485042561283101,8.417209797424952,0
-1.3509035718270102,5.7630282352666855,0,-0.7376394987796322,2.4155785278628543,0,-0.2800134280663603,3.2578146246940394,0,-4.284897959183671,1.4475950852195747,1
-0.4128056848553152,4.400702172411793,0,3.193658051243939,4.824597227259513,1,0.988972721520676,2.61901194551806,1,2.5678349232683515,7.207877224546418,0
2.9705455042525464,5.572819881054619,1,-2.6365432838178506,6.445987369931353,0,1.558063686481901,2.3846240167002666,1,-3.450692411453684,1.9501276735296023,1
-1.394288990976649,6.445987369931353,0,2.5197246113727574,6.051584798364273,1,0.5627076673775214,4.572861582740131,1,1.1237375333392328,8.026287848676079,0
2.528420435813025,7.437348878770409,1,4.145577541837364,4.808646083273801,1,-0.8472907752331301,2.387531514833355,0,0.8598186691456017,8.507522532731311,1
6.181896627164629,7.619172634710915,1,-0.40144814382015864,2.449079164415575,0,-0.5790350481659285,2.530095395744891,0,-2.2800151975683836,5.202061755731889,1
-1.0772473146490835,3.2553317211734405,0,0.3139809070749164,2.571001112092488,1,1.5679420610581176,2.4132137049607283,1,-0.07991708863625424,3.2541236309851804,1
8.58820887168191,11.195924163593572,1,-1.3391466054196806,2.533901874962389,0,3.732577612027838,4.577207306416097,1,1.5194860850152727,13.09502458356477,0
-0.11526664272643493,6.346022425835153,0,0.3225693963224038,2.551102249205334,1,1.8469586027564242,3.557515784216448,1,-0.9663130903062614,5.551222222222229,1
2.813245767371999,5.036056134013477,1,-1.750816811264848,4.244861421284657,0,-6.2103140913426405,7.276472159864218,0,-8.014941184978483,-3.350679417818329,0
-5.761585394917064,17.681237120718986,0,-8.320725725648119,10.375710400851784,0,-1.901806845400968,10.294344225266672,0,-15.449135999307911,2.6814767932489385,0
-9.756977747849321,17.260904011618937,0,2.3163127846951745,9.114558264266622,1,-0.9843313373253522,3.8791816367265497,0,-6.366933116443885,13.156662441811608,0
1.6895873942027864,9.114558264266622,1,1.467782544267709,2.7377782176170444,1,2.062125583834531,6.784055247405528,1,0.13976036693703117,9.641340425531915,0
-5.283200506566101,10.773702090289222,0,-4.5502694062355395,7.7319653334658955,0,2.7761069880991465,5.273479527615642,1,-10.066752228722583,0.24287823983905826,1
-1.6047314881736137,9.18766403697628,0,1.8691114677765237,4.674257379790018,1,0.9052782074749752,3.36791468534404,1,-2.0740719959436165,7.517694000969829,1
-0.4623290443537513,7.15676380462458,0,-3.7116862908276858,6.235130173962601,0,0.1467362335132935,2.6282810444755422,1,-7.393667072536083,-0.5786015538290865,0
-1.9529670301091615,7.8862470498741875,0,2.344262990493485,4.098245840399669,1,4.051098695786485,4.748030576496612,1,2.894306629164077,11.597498895888055,1
9.650065088344292,10.629925261082466,1,-2.4618522783882737,3.819919024033933,0,1.453829157822061,2.0740298749226693,1,-1.9234010923206823,8.557948922984652,0
-2.267318992085114,6.4068471204460655,0,2.8126883851521605,3.781225484124041,1,3.92850583825499,5.68133715358098,1,4.659621890547262,11.73145594006483,0
4.008588298443372,9.25795862752385,1,-1.2900773284130045,5.593014934676301,0,-0.43678024132268917,4.510829448251346,0,-6.191843095963331,2.54147683805479,0
-4.001008415705485,8.570620364240549,0,-1.9005196979138235,4.265621907514076,0,1.5052284239975915,3.7595802411639005,1,-7.9480616023068595,0.4190526315789535,1
0.7985425543641629,6.5709140822230765,1,0.12420381316778104,2.2001789043370206,1,-3.425373760698975,4.12822607225255,0,-3.6975826763186004,2.911824426491554,1
0.26644977813278725,4.34182332755916,1,2.2993220133929686,2.5799295037798426,1,1.1180236011685447,2.14116923575448,1,3.2482113821138263,7.892203204219679,0
4.157061720160089,5.1997706257029925,1,-2.2620065139036276,4.444429179697573,0,1.9301598496147254,3.246693654672534,1,-2.287250378951745,2.793588473410234,1
2.895340861252283,6.1053274075586,1,2.1399906156657287,5.0412185901372935,1,0.9659842234583897,2.033387738418848,1,2.4914644520654954,8.956428394439387,1
4.770789542952391,5.879056531077027,1,-1.3016844632240243,5.179574670441597,0,2.566460299352758,3.020336863586813,1,0.5269273739762748,6.502015157066548,1
1.6840444886321537,7.997645614775458,1,-1.6276664671486387,2.743942076705411,0,3.0120783185825526,4.693557605736434,1,-1.9597096940589582,6.164799094510468,1
3.315563889968345,6.951220973391613,1,-2.0073150426151796,3.0398500067072383,0,-2.479639404743958,3.686205615102256,0,-3.0644306803134147,3.8785310213934228,1
-0.9972355099370858,5.337270553547993,0,0.10478611084883709,2.2914020762100766,1,3.974949768631543,5.773203998708021,1,3.1001488850830907,8.886659031829996,1
6.749873075118071,9.94956688465692,1,-1.1682489326467747,2.091667411772037,0,-0.4993840753436252,2.8972342148336634,0,-2.0785884781982054,7.875542786714066,0
-3.5317830891757893,4.479508076805952,0,-1.9464218776767486,5.556296209603964,0,-1.3130055951156705,6.6155388358457605,0,-8.521053484602914,-4.269128828449729,1
-5.6185620342996305,10.244992528440262,0,-0.8069918919628407,5.12823371227418,0,0.5447638421596538,3.528332244408925,1,-9.086522299729365,0.979085326734487,1
2.322911111502679,6.704854429681019,1,-1.904621210018618,3.6064964434259243,0,-1.0194298026790964,3.4993451050858306,0,-3.142528533801577,3.6439187538753535,1
3.4664959726589895,8.510342293246362,1,-0.9917588696113824,2.452420464091037,0,-0.4581153962854934,1.8843227356919705,0,-1.4733214852600067,7.34609415416451,0
-2.191526835972951,5.231191252487923,0,0.2663058100357615,3.8521017464436382,1,1.2300866307899239,3.147264730642495,1,-2.050538211564785,3.2477543859649143,1
0.7354807217109454,5.501681671232017,1,0.7280552073636436,1.896262515522162,1,2.2543506235567183,3.3536293689574177,1,-0.4392696836635819,5.17145368087118,1
0.18688628663065496,3.6901468448873107,1,-1.744325706650977,3.3068281281775724,0,0.1838430672642526,3.2510862736473003,1,-6.2205914238537625,-2.747164649823812,1
-1.190022122206121,5.394119491597362,0,0.30454338175533013,2.7303871379715274,1,-0.6838663900012827,2.7526746606499093,0,-2.3302767815539838,3.18237837837838,0
-5.8170851554435865,8.268133342762495,0,0.112772694927407,4.466135023082095,1,2.0342830319823335,2.8881759685913257,1,-5.684294935939342,2.6503583728939764,0
0.4506103454857949,5.420425217548938,1,2.0969987713408025,3.822658800844075,1,2.7194095043882247,2.8488760133327227,1,1.9393396106857623,7.588551042704335,0
-3.812633059523291,10.2438609810473,0,-0.0883099405395002,3.3828043694771557,0,-2.325374413014786,5.350709664971978,0,-10.776800805071662,-1.1552368802039454,1
-1.827902919124575,5.569034866264086,0,4.596701476722291,4.748458112419616,1,-1.5872616451378458,2.5858450297302817,0,-0.43049212535235853,5.32617156473392,1
7.386477399783402,7.508834111709968,1,-0.17871777079900192,1.8996660570219357,0,-1.3325241778248371,2.2039606549649515,0,-1.4814335008743522,5.920386053358178,1
1.3764391010663086,4.9704745316283665,1,0.7067273282650679,1.610595893607511,1,-0.8967955806608203,2.2949236901987295,0,-2.152677505881073,2.8129312573971195,0
-0.04824621514443909,3.3959208389430957,0,0.21661479383146767,2.240963838145292,1,3.8381266842576824,4.456268367317926,1,2.5836158000347824,6.139928464189383,0
3.2439700965831317,6.291884536159349,1,0.8582412155007086,2.235192974552467,1,1.7223913978494612,2.8040086021505406,1,1.2503022121587557,7.725055663423112,0
1.973026357576025,4.1261870558031255,1,-0.9782406166647514,4.790331431780183,0,0.5445462753430187,3.243755728955236,1,-2.0573119514735723,2.0274157618705138,1
0.02523492902144756,5.279630409535844,1,0.10598748493790042,1.3985721371472293,1,0.08311597226659487,2.3480432067134327,1,-1.811750902807721,3.560002080635193,1
-0.10449063071313587,2.6442950462970236,0,1.2098427073403226,2.8139724908075734,1,-0.16124189246141243,0.8680300751474795,0,-0.010472348293836278,2.6725447058120895,0
0.441917472422713,2.8139724908075734,1,0.592494761106983,1.0118266621285847,1,0.14441315820533385,1.839316124028389,1,-1.385420770729734,1.4035243798118058,0
-3.2275176151789133,4.883002719628622,0,1.006464130794602,2.1778129273152853,1,0.6673953399607909,1.9571297211957175,1,-3.37624259235446,1.511454270756471,1
2.0118592888387203,3.5657250885976883,1,-1.5967034558365911,2.700344197387249,0,1.108348700865679,2.3068415590240803,1,-0.8875574776499602,2.6839395213955184,1
1.5654565103156965,4.260166294217047,1,-0.9692847054621843,1.9005718406043415,0,-0.03897070898013116,1.500892929385352,0,-1.3676956815114656,2.9387852112676116,0
-1.888988246626042,3.818189320230741,0,-0.2813102650758609,2.511835436166194,0,-2.2215142797433365,4.029314350026692,0,-5.07782405391273,-1.3319351230425087,0
-3.6054693760782004,5.559802774326194,0,1.9631072760630162,2.920247716158745,1,0.7345115209070165,2.009131859634483,1,-2.0491068384809408,3.650486193391899,1
3.90650514251048,4.408844695933166,1,-0.02786475707546164,1.2788339098594048,0,0.9317829457364366,2.1135400516795926,1,0.5991006353201229,5.052837264100106,0
0.07470785920478562,2.1231291605543876,1,3.9777722039697303,5.7668613714802035,1,-0.6363426434430065,1.9311607244470392,0,1.9689507176485015,4.149231070479549,0
2.8177148006279884,5.7668613714802035,1,-0.2467159607844272,2.329773599167121,0,-0.29877553347683505,1.186918340668844,0,-2.5184647012146906,3.1283221012614493,0
0.34475322464803987,2.5326571996575695,1,1.1698908795499796,2.8088986474746784,1,-0.43404941348683174,2.4243038659097027,0,-0.4161571548641158,2.131880000304236,0
-0.23444172355685536,3.1238609317040864,0,1.9959752482952806,2.6682328324043834,1,2.6193120393120335,3.6890417690417747,1,2.9343560237878803,6.182987481197708,1
6.268692049318172,6.668910255927998,1,1.1649115039865097,2.8533453532223287,1,-0.3695333353844798,5.324008680715804,0,0.2349103796515594,6.923385747741724,0
-0.9741266858358204,5.609906912416171,0,-0.1587344450409985,1.8537921218917892,0,0.0019091924434116783,1.7983797320130182,1,-3.4341512364084723,2.1843886053451214,1
0.452694180848943,2.948921596970498,1,-2.8295463960166494,3.922937981167244,0,-0.4573380482681122,2.6488328844907127,0,-4.785141797784586,-1.9340665721488584,1
-2.8633660536017067,5.594489182452864,0,1.2262308413130143,2.2175839891217306,1,-2.249465144255882,3.3967078033145865,0,-3.8980409056879153,1.7653797239400946,0
-2.2851988150965683,4.752586543803233,0,-6.195941901939117,14.809033716232884,0,-2.0148227619855423,6.288739252237245,0,-12.04217872953879,-7.738652307509783,1
-6.2752606962135165,14.809033716232884,0,2.098138260669102,3.13781364405751,1,-1.9909904483293044,2.7093416822681093,0,-6.3612239572517355,9.79473492641609,0
-1.0065262101536696,6.00794549245008,0,-2.2515488499323633,4.345990765703292,0,2.931630122737297,4.006455895273477,1,-3.052764908993114,2.9873437133660024,1
1.4519194427461921,6.677493578815162,1,-2.049775352778088,3.2683152715149633,0,0.2501851735122391,2.590677224822945,1,-2.869360457991206,3.895224719101129,0
-4.755950381126729,5.701961056427854,0,0.6436038695379716,4.254853086422506,1,2.084122116238922,4.346051513530951,1,-3.205101143359716,2.6088785519867232,0
-3.9750867093692306,9.367268708749418,0,-7.407651722695766,8.762954603224587,0,2.134548624705711,6.175747419854986,1,-11.151845858306993,-2.2726853770693003,1
-1.000754826770935,8.852752293400501,0,-2.572054233703422,3.5928490045580297,0,-0.44696630371925333,3.062269789687347,0,-4.864463487798312,4.290673956471455,1
-2.0689256292331506,4.912367225066667,0,-0.8301822953760427,2.7118078040407534,0,0.33688226098748497,2.114088566219677,1,-2.5890256343385136,2.438243815759708,0
-1.9907896726551275,7.191309000417756,0,7.6989378648385935,8.887898173453229,1,1.6664650283553832,3.0962570888468774,1,5.842525055849809,13.959561060500981,1
10.078140983556507,11.362902117654237,1,1.131179080305369,2.97748860878729,1,0.5880268827983625,1.7478579543841952,1,0.9102509007480615,12.446979405817048,0
1.992157039891645,4.06110710813155,1,-1.4051253177935557,3.627152724044573,0,0.9671980191113227,2.535929191291119,1,-0.5033558558031173,3.5895603906180478,1
-0.34987012369423,4.879795218163338,0,-0.7009851826417586,3.0826553390851688,0,-0.9577890516384472,1.7724049639224164,0,-3.756548672566366,1.0519314741145525,0
-2.3761690903841477,5.2085805701253864,0,1.437019008534518,2.863438219696852,1,0.9602537381260342,1.577311432983702,1,-0.9583208196044423,4.448385735749778,1
7.8179850568983245,9.183100862483862,1,-0.0014362182401131017,1.7200011212884572,0,0.22756636992118062,1.6218492772774409,1,-0.26541166735622523,8.97936694661514,0
0.10598598458643663,2.5944849911733185,1,-2.0734109351025287,2.9911210351646966,0,0.22199157500791905,2.2302507832844025,1,-2.836752122154092,-0.28312190631209494,1
-2.1943063592651315,3.2862343830455525,0,3.917267712969858,4.043699009415379,1,-0.45615617090536226,1.1646504374704447,0,1.0810286747582796,4.511124773943444,0
1.099754398902753,4.416968154189644,1,-2.2389880134843927,4.5382091590706874,0,-0.0628376226504184,2.0811477481219236,0,-4.997711864406782,-0.7940707964601796,0
-6.9735533389110635,7.286968325096048,0,3.1004805366227104,4.745278011339344,1,1.9832570770966038,2.4678573724570994,1,-2.848865999369442,4.783585141790727,1
8.057194661956814,9.492585268240902,1,-1.0391695823223368,2.1491355263514684,0,1.0384642694193016,2.8042366726962262,1,-0.48585102063556007,9.013670417292563,0
-1.859777999856742,5.455475138863102,0,-1.0784247353427951,3.2566828448394736,0,2.503634452532159,3.824808998682349,1,-1.4779146410621065,4.1141399706962325,1
1.694100324993068,6.124394824922346,1,2.054521603415809,2.9425134850312955,1,1.1748880256085867,1.8539827640287916,1,0.3288514457258084,6.5998277025566585,1
2.812796425791285,4.508792069584954,1,-1.6174879661439205,2.6033966992900415,0,-1.8408016115525443,3.6876365470494084,0,-5.2024335406613105,-0.8986880786275335,1
-1.1187165786284032,5.163445569049655,0,0.125873900510409,2.571458251623001,1,-1.27688535463923,2.1374973560438537,0,-2.7028891097597323,2.562908845278727,0
-4.209121752271665,10.461778766377492,0,-0.1665937688380365,3.5204906754934187,0,-1.3030030349649977,2.616273131797905,0,-6.9700182876700785,3.6423551401869223,1
1.6279281697082877,4.426381219896079,1,0.7389229384272032,2.426815024390593,1,-2.111774531301416,2.3600395194471586,0,-1.056003853098521,3.432477064220178,0
-12.996228223318775,16.72065069754086,0,2.9894915846881296,11.575849503758038,1,-1.7736270311351146,6.862678657683428,0,-13.31935914525125,3.6332165670719085,0
0.5575133995852579,11.575849503758038,1,0.6482385211994616,3.122407548815523,1,0.7467347581600847,2.1934060200970866,1,-1.9691867402867942,10.302297592997816,0
0.3395381846183326,5.4239007202337275,1,-2.733146913763144,4.544413035952088,0,1.249662043093087,3.2568631288447425,1,-4.592589001783909,0.6707219887841986,0
-6.364780292795931,8.544642368508153,0,5.527555215235683,6.413822310249094,1,-1.5630103017554373,2.6546979297073654,0,-4.045262037197897,4.760129114958002,0
-0.6601658916784692,12.898741054126543,0,-2.7345056949491515,9.609997928796234,0,-1.2831393571976724,3.215295253063778,0,-9.67220883534137,2.773261685104197,0
-6.142626277762632,9.793004498516785,0,3.7145544404740978,6.128894362188167,1,-3.414521548265225,5.192900206570514,0,-5.668971135191909,4.522589073634209,0
-1.6142714519333579,8.830307148001884,0,-5.878834568545844,11.858063418323878,0,-16.720136024262445,26.51135661415499,0,-26.129789272552685,-19.36505337822548,1
-14.266430618507556,31.550959946015052,0,8.767688978917137,17.145606860362683,1,6.152478352955523,10.494930948351946,1,-4.03390882405084,39.16975986163773,0
10.457068511490792,21.74303590943917,1,-1.6822408250429566,7.482128563902939,0,3.146320605496751,5.560565593599248,1,-5.646232558139529,15.920342857142863,0
-7.96469862912729,21.63847031994425,0,-2.732296079979789,7.751853440779804,0,6.267470261976784,6.915798848395608,1,-9.668803810308262,13.986247016706452,0
0.48798944650136833,9.721711229545289,1,-4.1650366624202055,7.342731052768374,0,-7.95726442435627,8.623382927815037,0,-12.703690779595448,-3.7215541690300653,0
-7.385186770467461,19.224568064440895,0,5.728314238952537,8.537239440512339,1,3.1920835108997356,7.7694436918200465,1,-0.07295413886186608,23.069482368537972,1
11.816521209661058,15.931291897159525,1,0.5163409729522598,5.961641623996482,1,-3.396811430461999,6.857232410960721,0,-7.048798798798791,7.8925039962284655,1
-1.1599974876674315,9.043238890908139,0,5.623579718266112,7.659745630358258,1,-2.8380547445264472,4.064631882465411,0,0.4782749999999942,10.152863291843497,0
2.406328161899144,7.930678658579321,1,-2.482247847680355,5.309385930493696,0,5.131981527047654,6.599454661247896,1,-3.7839820066497234,3.9526420413874983,0
-2.0254476779070196,8.184768951023754,0,-4.091657270241197,6.402529906554169,0,-0.5504324324324419,5.828918918918931,0,-9.405663739841268,-1.5749645956106721,0
-7.480954417616031,10.873647238746969,0,1.4423658835079496,4.73447915686038,1,-5.279417702788191,5.779166059784626,0,-10.535502782153108,0.2766907623487185,0
-2.9678891474014963,10.3610789838213,0,3.9842293447453896,8.18321393345878,1,-0.958162343556846,3.37702496654186,0,-4.936969868006356,5.510104011887077,1
2.9835680486917244,8.925014338664973,1,0.4482372958321197,5.0845823300715125,1,3.1783199488301404,4.646776817196567,1,0.804447464043455,10.12939416604338,1
4.67020599686618,9.378365423696513,1,-1.1333724428907832,3.8827367784615334,0,-0.6668386746333483,3.3554861488321506,0,-3.574522335070803,5.8600329870859245,0
-1.573475672809111,5.9749639819216185,0,1.4862113791891067,4.024903729018636,1,1.087660559032228,2.3144507962696883,1,-1.812513578559487,4.313783929290707,1
2.4420262009685625,6.331155824087778,1,2.8653626754417627,4.949990847441751,1,0.5231853785360504,2.5192974397333296,1,2.043767954559106,8.640980664394105,0
4.349487243887992,6.156532159535481,1,-6.678806429895413,7.617574014587084,0,0.6634042617157441,4.320996595929615,1,-6.391187642441118,-0.5647182622364905,0
-6.002659331844154,9.43020578988221,0,2.0214330023298874,3.434398199480178,1,-4.159878954385516,6.903622111254279,0,-8.30564987056156,1.2324087667564287,0
-3.580416362066436,8.353183228507431,0,1.7329161763890562,3.0189749748048236,1,-0.9801473221631668,2.262488989555818,0,-5.415112293236155,2.9395991064472526,0
0.7774834314076234,3.5476727139789186,1,0.9551337882626693,3.5431598776789883,1,0.8869760272269754,2.453908075824469,1,0.4155507800752581,4.006524822695043,0
-6.221801367133668,9.737902285602445,0,-1.7398073315536424,5.645369585054126,0,-1.0110262348345977,2.3368668465259437,0,-10.586960006302938,-1.229461581238784,0
-0.4641988637226881,9.11777489602297,0,2.290113574908583,6.347164098968104,1,2.2148769711068295,4.716409859161522,1,2.455523019831524,12.562739726027386,1
11.931844879222837,15.3607901550256,1,-1.1223681425238898,3.0312465922430296,0,1.6409495661338092,5.930162666679645,1,0.6616475287069341,16.595936555089903,0
-1.8899019207454584,7.006749229713277,0,1.1757667875562474,4.022140794124555,1,0.82170992242263,2.012364018815023,1,-2.8752876744253664,4.232025455070234,0
1.6777141002429667,4.6893435175032225,1,-5.331087597361591,6.514785782445183,0,1.6854182517317084,4.613159121402877,1,-4.274820099971733,0.3097460432849229,0
-4.810397518299279,7.540525419729721,0,-0.7868706426728963,3.204619547031999,0,2.0526972419652885,2.781218133410724,1,-4.238233915645533,3.5475599191452405,1
9.70119498386836,12.941665734066737,1,1.4019026773564316,2.7680430541209566,1,2.45816596221889,4.529654416613373,1,0.49484048186139606,13.792099218316519,1
3.8356604446411993,5.870550718934957,1,-0.37938851411262553,2.4721421244326196,0,-0.30883663366335845,2.172995049504949,0,-1.55807551766138,4.262327650264206,0
-0.9192932452220679,4.476843661200282,0,-0.08718615039784419,2.2115207709426525,0,-1.9314310693263055,3.492396418507372,0,-5.543016387621466,-1.2054453635753488,0
-4.513513977792185,6.002898404234511,0,2.199138821387559,3.18562575173261,1,-1.2894151042930928,2.377368650706835,0,-4.207241340236241,1.8557878757571946,0
-0.6874100983853998,5.742885162108358,0,-1.063047342906429,2.583766834381827,0,-1.358011856214755,2.6175225009229575,0,-5.328413358767536,0.2556894243641231,0
-5.957058796517997,8.042455769773223,0,-0.1514957943249962,4.480967207618136,0,0.11524984110210011,2.532368812895917,1,-6.459605513720959,1.6983708023747162,1
-0.9543314519327991,4.802871362748048,0,0.35213707962035246,2.250561351413033,1,-4.932354596470248,6.556450287039163,0,-6.9169045005488385,-2.3006082398833234,1
0.26784280470041927,7.85469379935596,1,-7.146420679879541,9.76385066179458,0,-1.355142877053924,5.7568953972106325,0,-10.678726643598612,-3.2087170411254724,1
-11.136655143761038,12.711461611195487,0,3.0609099356504728,6.564801796335808,1,-8.517528124231445,12.408168040655823,0,-16.403905625241176,-4.2945142706048145,1
2.897451470699348,14.909972958215647,1,4.466293489805839,8.50054243680865,1,1.9760065795335284,3.848744828129686,1,2.760337797174632,19.704475524475534,0
3.3941397161139806,10.228444089681659,1,-2.5315197161274194,4.5441338351439,0,3.186646664907537,4.358965228530455,1,-2.591771428571436,7.647369556081304,1
2.83531276646073,8.828369688481539,1,-1.0047130553827395,4.4649360453506075,0,-4.120681472878776,5.327344618143616,0,-6.3031539573238105,2.3219081789309257,0
-8.815854935318136,12.253597701534199,0,-2.7506689939691706,6.562106852302274,0,2.4006140946839998,6.1459926773506055,1,-11.641507978383448,0.3564322494117529,1
2.131380762407841,8.329137120422073,1,3.1151936057432392,4.595810116932006,1,-0.14694382363140174,3.6681921406818163,0,1.8489377480172458,10.758776031079567,0
7.448818634308934,8.537566444272285,1,0.9657789112922683,3.131493759941369,1,-1.6351141337667807,3.7009566990318814,0,-1.004114118622134,7.521156728142523,0
-0.6593785808396131,4.2599929369783585,0,1.0952496084874102,3.565794119744585,1,4.239044935201177,4.626005505312746,1,1.327709573712579,5.751008833696437,1
4.097793208292826,6.910653955045485,1,-1.7589111992880353,4.177765769128454,0,-1.7539305707210586,2.6013922848728606,0,-5.3442311677737395,1.2457067757009312,1
-2.4033949813440363,5.711579788886085,0,-4.903006898802061,4.957685046453591,0,1.0794821316960412,2.6405969017636304,1,-6.733662383912153,-1.1171428772816798,0
-4.265580063269206,6.761208235892411,0,-0.47529438284933156,3.821020952610415,0,-0.09118249679481857,2.522256437292564,0,-5.140864306867072,1.7353967232686143,1
0.8183471980740055,3.821020952610415,1,2.075067893190462,4.01159877741978,1,0.38980713021123437,1.1609618081720239,1,1.711283577451375,5.697177833061416,1
2.596356275543142,4.810996360297975,1,2.653806751714917,3.7452613168866637,1,-0.6992445328255078,1.2518383989409103,0,0.9014660300482997,5.825350777455455,1
1.779904753334664,4.486924349505421,1,-2.78910792795349,3.444929797191873,0,-1.7653859576837228,3.6030809849907675,0,-6.946329254727479,-2.738582891842855,1
-4.39878031484896,6.001134590838171,0,3.417652018513652,3.908598561076007,1,-1.688880154311724,3.886899576204285,0,-2.340273464421531,3.893884078085879,0
1.5218453423521867,4.71353150655365,1,1.4900699492725415,2.7957507533167143,1,0.03349849472614381,1.6293103770796453,1,-0.6873123423633117,4.02457969990372,0
-1.0209175930672836,3.6779090878550504,0,-4.019837954205074,4.966015748561716,0,0.23550502144969762,2.767207087743858,1,-6.9821689254291694,-3.51733727810651,1
-2.833985019343839,5.440374643403844,0,0.0312529071587971,3.142285244189179,1,1.193900227026102,2.0693986983755677,1,-2.7075375143401996,2.875299834896109,1
2.83796462097945,5.562622252677938,1,-0.14421799352245981,2.437606282808569,0,0.16921295254696725,1.1538215602642103,1,-0.7423911284743918,4.882776384489366,0
-0.9255786085609286,3.685495406099725,0,-0.04418062686971144,1.4482654107157653,0,0.7177382344337074,1.3613737013005374,1,-1.4972983890739975,2.222800424423313,1
2.198739435132326,3.879094837101469,1,0.07444514872104356,1.8365568578836038,1,-2.5325799278188894,3.330188472895621,0,-3.072252945072467,0.7086441507234579,0
-3.3905665068620174,5.886156996093017,0,0.2795277220485121,1.7345828373604968,1,-1.9703230681919122,3.2850861148870862,0,-6.695417712028147,-0.9331598285364373,0
-1.0985590572572463,3.4752095173598807,0,-2.453115015291305,3.4736247906074866,0,2.467176132833634,4.101104525322168,1,-3.0272945410917798,0.4370922646784738,1
0.2626646579647402,4.650224390577681,1,-1.0822799698220607,2.501136547844094,0,-2.164041704902117,3.7483523717375884,0,-4.2597303915350855,0.3542333096439194,0
-2.9557252150299735,6.269082120304656,0,-0.33701628002521233,1.605955020589166,0,0.1914844446400794,3.032685985948376,1,-4.352662828897792,1.9705304070456664,1
-1.5603546417359584,3.925270575838067,0,0.4668810535340419,1.4787913170131648,1,-0.5473703850726861,2.198874098782423,0,-2.3273235345439645,1.6144878926305921,1
0.48884030303127207,2.4647265611305356,1,0.6824645271733712,3.0498268290693566,1,-0.093492794340754,0.857385032389926,0,-0.6013771517996852,1.8642150891083291,0
0.8483836374813418,4.255818832072912,1,-0.5652551747173838,1.4215670702690923,0,-2.7518151994899087,3.4913819577370435,0,-5.391945619398676,-1.3126045016077208,1
-3.035746130854751,4.6602728963414695,0,-3.209906664313377,5.089273663555473,0,-0.8468218787961708,1.981381516670282,0,-6.788500365883765,-2.2453289473684266,1
-3.359604543236537,5.749871520676085,0,3.4649761571430044,4.865775472686695,1,2.090262376152562,3.4489410255853308,1,1.2440204939903994,7.3685870511691025,1
7.87252303310275,11.329577863786072,1,0.08867903730933716,1.8489330180577763,1,0.09662196655585295,1.7597400171827715,1,-2.080855544963369,9.123152542372887,1
0.5762269186961483,2.8231569363634508,1,0.583650963352196,2.2173846023367054,1,-0.1820307692307688,0.9858461538461584,0,-0.5467369808428957,2.2975319487180275,0
4.262824937521238,5.21302207758199,1,0.46296571174112244,1.6051358171292929,1,0.20433516879304114,1.48360988387508,1,0.4849458959505268,5.77349999999999,1
1.8310227104052212,3.310108356835393,1,1.2113920353007064,2.750200717978566,1,-1.7454551525830304,2.302555730927869,0,-0.6635138609939313,2.650772861558191,1
3.2838452492080554,4.591412827176143,1,7.666710027644739,12.887804456850144,1,0.33179952742197083,3.133388751071812,1,9.121647258016239,14.19515186117507,1
5.226766158007585,14.9513543439376,1,-0.31010339283913296,3.0995314374759815,0,3.542425332233603,4.003466083207521,1,-5.3568022709967416,8.856295011436215,0
5.913294468901661,8.460392193057197,1,1.2022225298083906,3.797937178397121,1,-0.2992114182566019,3.828567747776151,0,0.49727487702171913,9.206597338165937,1
1.4941082882474466,5.426859472496462,1,-0.24462333353321813,2.6484829405768493,0,0.03143675751013594,2.953251662891759,1,-2.90217855805127,2.456866769107003,0
0.03175531170673963,3.554920949011627,1,-0.8184249751718069,1.7151864105594796,0,-2.2853883587723987,3.6540802365421574,0,-4.659590584022745,-1.2025244680484948,1
5.468019770654219,9.999023603572056,1,-1.5837640801653163,2.9147386444780667,0,-0.2569567800139664,1.5137593378406589,0,-1.563534149826978,8.719229184868677,0
-1.7676325244952822,3.3236719139175523,0,0.5481913830021987,3.4824759045495224,1,-0.5744645716489363,1.8251335500108137,0,-2.0312265687557027,1.3225382375081942,0
-3.9773280538820344,7.690153283411863,0,0.6335516812454977,3.1149937805954595,1,-1.962417777671409,3.1379340945099283,0,-7.835789636711145,-0.3770012735809627,0
-1.7796775940935574,4.443087432790294,0,-1.4079032584290212,4.665336313433542,0,-0.5932430993986445,2.923974184886411,0,-4.944399694409028,-0.5913519622039456,0
-2.50386132727506,5.500424950303293,0,-0.9737581453223777,2.393948721307183,0,3.4719588624550517,4.538083276870765,1,-2.29463448565985,3.296394696989833,1
4.105884279118511,6.530508530076302,1,-2.210288814795749,2.8988920500508795,0,-2.6679473390402406,4.256150946387542,0,-4.909648636086414,1.4150102718710829,1
2.8983888138647647,10.321273529751448,1,-0.3698118319734178,3.258100194724039,0,0.6849106609455268,1.9791598658306542,1,-1.489422239913283,9.343994638069699,1
4.799802023633428,8.562502307808742,1,0.9142711276010616,3.1636072351155944,1,0.8252679779373471,3.480047640522198,1,0.3961411677923481,9.211205665471475,1
4.09698838628569,5.861667229389582,1,0.5079508071817173,3.427474655121409,1,-0.0118880073870734,2.4477920200914043,0,0.7711925481545734,6.762798513644644,0
-1.7165048717741933,4.6077034088973825,0,-0.010790205778128278,2.852766159359707,0,4.576396807297606,5.570786773090082,1,0.7656267225223239,5.550749165566569,1
5.60461081689613,8.48105611705433,1,-0.6611814883875737,3.09837670124432,0,-0.011426280575910658,2.1403491131356267,0,-1.2640068499186043,7.3102964033293985,0
-1.4532553481568673,4.571942189562749,0,1.6814994053233907,2.4344567234864565,1,-0.07296058361571747,1.6352134581894426,0,-1.6740948266643871,2.9863808435812986,1
-0.12360676468504857,3.1462702711475403,0,-0.5682217459285677,3.0767423270848973,0,-1.2598661321846936,3.1028617221122095,0,-4.667048534227015,-1.6515327975953902,0
-2.3988290788988373,5.3510128072240475,0,3.8867817897096257,4.757848709903656,1,0.9186091212114956,1.5969639590404139,1,0.6764756135277953,6.277303069724641,0
7.7616977778078065,8.275011905204178,1,-0.4011493051927722,0.9125901159753446,0,-2.5523273367310053,4.594856404443037,0,-3.4044187695262034,4.6176648106373275,1
-1.5364538710688471,4.576324313028941,0,-2.8293497884724204,3.870066752286235,0,0.31826461204370515,1.3137102939652872,1,-5.03413571280348,-0.5129347826086894,1
-0.2178397771147045,4.081668592859437,0,0.665242458473121,2.703734357243473,1,-0.5470408221452145,1.5130952305525156,0,-0.22617240215924858,3.9922180681565216,0
-2.3273810333916223,5.148499860499619,0,0.0065751544508065194,2.9992719431627854,1,1.3323236608362328,2.7657306590507336,1,-2.942721842978568,2.2043126866479157,0
-2.691306513670235,6.021839963353312,0,0.8089135311922256,3.000707796539067,1,0.7965406513277083,2.084900732091508,1,-4.582991846491685,1.3585858369818504,0
0.20088964132258294,4.084315394496304,1,-0.22850546428054347,2.859470257181528,0,-0.3947783564725466,1.9134098571878613,0,-3.155362474213562,0.8369982584302925,1
4.538232080360957,7.107431993805174,1,0.075578564174085,1.6530191112824901,1,1.378872171619561,1.8259458189623066,1,0.18043089895594172,7.430112387374775,1
5.553356349080577,5.967434492696535,1,-0.7079336037578576,1.6103644852633099,0,0.7301223819127458,2.4091731513577326,1,-0.3734113330137259,5.586208567250585,0
-0.9080661335339885,3.1075374333778347,0,0.7130168170094717,1.4374279925635922,1,-0.5500660400057182,1.6362490088923056,0,-1.8582257306500687,1.2567494824016605,0
0.8551292206177014,2.986344771605512,1,1.7571760874103022,2.721824641035876,1,0.0675535511347386,1.0206962957737562,1,1.5882112256335748,4.672695624828281,0
0.5368715275319662,3.1485062593426636,1,0.5524871920394339,2.2790576313795436,1,-1.949907591362073,2.1483577765307054,0,-2.4008293957669165,0.690063252397464,0
-3.6043846766545333,4.6446326122746315,0,1.0197227652986747,1.989058291448847,1,-0.720170226583303,2.215237637697158,0,-4.218144648100457,0.41026472853736135,1
2.8129378990912612,4.560296869362377,1,-4.398867537874021,5.78837547496154,0,0.5155941485404969,2.375468438487203,1,-4.707885082436092,-0.30961783439490814,0
-4.4185932183232985,6.27931441123127,0,1.3738997043398884,2.7592595991366236,1,-0.7250369097259606,1.6841740063320731,0,-4.105807935595173,2.268462964158615,1
4.786027360191006,6.02673702981741,1,-0.23567992905977347,1.3239379077479627,0,-0.4133192490458361,1.1287305375355627,0,-0.5994876695061757,5.455061147898102,0
-0.336310289367779,2.1998151138613946,0,-0.8318981104089825,3.8157725381074656,0,0.04932111361881836,1.176784465291342,1,-1.910491637100859,0.2855639810898153,1
-0.28271337832067145,3.8157725381074656,0,-1.672011472952617,2.6485284905097317,0,-0.872535819869599,1.813870981734696,0,-4.163794144887847,-0.4190108056166838,1
-3.64704107369518,4.222574625029924,0,1.7715069817251947,2.5867459529200634,1,-0.2153553782149961,2.1536374640533973,0,-2.1118754483516278,2.191529217223792,0
0.39821967870330266,3.34545833905519,1,0.18593735475302353,2.0584693499429805,1,0.6697612198038333,1.553133076099137,1,-1.0805602530581493,2.2478853936915093,1
3.6832405096818612,5.521411977837783,1,2.146795074351447,3.5940335357118944,1,0.6519932413524518,1.1059933348324988,1,1.840558472747988,7.534359915087155,0
0.908973062769848,3.614512359277204,1,0.046870311066686196,2.8609353812615783,1,2.9364776864999906,3.4336555538435287,1,0.5607858702123472,4.210961439588693,0
1.5016963603275901,5.475101618283726,1,0.38338313330068796,1.7672359519122172,1,-0.10379227051215878,1.6787747693792803,0,-1.5002742409402536,3.9967860422405925,0
-0.18055902545293956,2.363776269899168,0,-0.14219862896905877,1.6819666120421153,0,0.45692382184640185,1.1573305820502855,1,-0.7941121917053623,1.581529699568271,1
3.6904797167315233,4.803331590791373,1,0.02279514403596744,1.100189000889416,1,-1.1336449324753852,2.32671067793938,0,-1.0399229287090581,3.7581414141414116,1
1.735055959086863,3.4466412194880927,1,-0.6643660601034571,1.6934363668196033,0,-2.479397233258192,3.561293111711882,0,-3.427797765574704,-0.04809471248220627,0
-11.101428828043096,19.07543385806713,0,-3.9056772358261043,5.051850651358477,0,3.3323436052023343,5.266773894611265,1,-12.512540960528531,7.995942192088054,1
-1.7109968588932996,6.290295409036921,0,0.4969565076774779,1.8490602323442664,1,1.8570973675080311,3.511710309660967,1,-1.456251878163333,5.08522978522594,0
0.6997547016600396,4.058894175721818,1,-0.45501099786038984,2.4328789765207204,0,-0.3712483776153514,1.9241904100340292,0,-3.1706908168397345,0.8044127332601613,0
-3.258122877986623,6.263097633265626,0,0.22925574365445736,1.6327226683192895,1,1.1390827373520251,2.04192723497988,1,-3.0948298371986036,3.282968838526913,0
0.7099259444204324,2.732098033358449,1,0.4818993263506188,1.6678711935621624,1,1.6287019812243837,1.9577008396602864,1,0.05292072848840611,2.791987535670217,0
1.9308743271034514,3.8497698113675414,1,-3.361228269165854,4.585244557815883,0,0.5262183376911475,1.8479660890503968,1,-3.9569918284215855,-0.22568339613737282,1
-2.313408813577586,7.59310173759791,0,1.663333242189357,2.656113527167687,1,1.827859540458706,2.1925096661553174,1,-0.6303546883283,7.373755760368661,0
4.711499280740595,5.711393242496121,1,0.18381366022824264,1.6650606137322075,1,1.020614653022598,1.4602125351719681,1,0.35709314629079825,6.124729275875326,1
2.1796412471742093,3.7422907867593787,1,0.3781014905748493,2.4092867702661938,1,-0.7755514912233401,1.5133332216985702,0,-0.7930751951325551,2.9530476683569473,0
-0.8871066146593874,3.0505444080408197,0,-0.09042681456475474,1.480320445837681,0,-1.1395346645288886,1.8463871414343795,0,-2.115060303061547,0.9441692356755533,1
-0.9801680599094433,3.0704508613991384,0,2.779808441969471,3.6582177651168597,1,-0.29667453988928094,1.1537457421899893,0,0.40467838684904456,3.5575976609078532,0
2.135695145490306,3.764249080811837,1,-0.2541243979916017,1.606556392907442,0,-1.841540795659227,2.606441240681649,0,-3.2466314453044993,0.4157873372310727,1
-2.1980228558771504,3.1662459206264857,0,-5.163797091108237,6.256080999012646,0,-2.1170286964139264,6.303011365855568,0,-10.077078673233379,-7.14197609901836,1
-8.933688491184329,10.327530700713066,0,0.673975137123935,7.330988229445004,1,-0.4791190046921526,1.8530075268690511,0,-8.919047274992005,1.5517512260926336,0
-5.596181853993213,9.464742866032582,0,4.568072336370123,5.342652105900264,1,-0.6619301915398867,3.930112126129728,0,-3.3822800913037354,6.554914296818475,1
7.094135507113027,8.4803303615762,1,1.6175377414766137,3.0113109714128434,1,-1.2436738275757182,2.1609900057487565,0,-1.1439900889924024,7.264506958815849,1
3.0227596017069702,4.377942458587616,1,-0.030583355793788274,2.750720034214158,0,-8.272084726867334,9.817859531772587,0,-8.499779064660402,-4.449251826934227,1
-4.55565034737613,9.949347013055295,0,-1.0712514835693754,2.1805084896119817,0,0.5046150013317994,3.116750816351432,1,-6.146891379298892,4.154741066520348,1
-0.2654083445933527,3.0840734449718408,0,-3.3346136101229265,4.596396645362555,0,4.799315553120319,6.491078524631341,1,0.7015232724701601,3.892625498925391,1
1.1841701581532273,7.373410680787177,1,1.3296397223351104,3.323346342986851,1,-0.1050587432119017,1.955415009490068,0,-0.8016128716695974,6.851646735934122,0
-2.25427810323793,5.207491076811007,0,-0.9204393229062312,2.622828631662253,0,1.5554097833368004,2.4799252748525737,1,-5.737476254965887,-0.7084262995490129,0
-2.623350516796761,4.485673897227058,0,3.5230172622458813,4.302825087917591,1,-0.9941762443806056,1.6769232182249183,0,-1.6921414350475745,2.8542604187047615,0
1.2643509771425272,4.499611327067603,1,4.220661974367304,5.795285038408597,1,0.41009723843222723,2.40471042469259,1,2.043012090591749,6.665447852760733,1
5.529621865126413,6.475753510798408,1,2.225617747454289,3.537158378819707,1,5.522531489478076,7.105113936745773,1,7.033542516003768,13.983122955633482,1
9.892422734374694,11.882911258850424,1,-0.8674373946910773,1.6424405543480685,0,-0.11480082695120944,0.8551541446595112,0,-1.505546391752582,10.345644032360479,1
-1.0372598790385712,1.8546615888021347,0,0.5733699684518492,2.1247095422925892,1,0.31442551195351204,0.9939835967874604,1,-0.7845236625661259,1.0834001325098974,1
1.2410632635829115,4.419553683174788,1,-0.7597182229535134,2.2420416395748326,0,-0.0566365691317131,1.1724041398386398,0,-3.0212359232146744,1.3125248435532593,1
2.096367816244473,5.454018822733241,1,0.41005285905800815,1.4933886103552296,1,0.8280136922934516,1.9653685005338812,1,0.9471128211226502,6.609040511727078,1
4.499036094756325,5.761882838387961,1,-0.08947653123749642,1.8159271719263375,0,5.794510598596389,9.85106234604437,1,1.6718585186309582,7.555007641365262,1
7.421893878504848,10.425393944205076,1,-1.029893370857353,2.1591724003388717,0,-1.4891365431071535,2.2046942394850286,0,-3.225806451612903,7.082007367242108,1
-2.8404934239641912,3.7405098617957697,0,1.8035103210634025,2.5586738258545445,1,0.004575886427583154,3.0491081943734404,1,-0.9051248258680616,2.945548256441173,0
0.26209599495764024,4.729025630962899,1,1.841423673498438,2.7920876054300705,1,0.06413607990375388,1.5492968515611096,1,-2.0794758581398662,2.5678896861832907,0
1.8981398933364348,3.4054939111616416,1,1.223035805187978,3.5783545505287053,1,-0.8776060749744914,2.3040863830337526,0,-0.9825794579735468,2.4069258713930086,1
-0.4902109667653567,10.11376117155947,0,3.9765263369742154,4.812137512121056,1,0.29767148142471284,1.9194028899812416,1,-0.10143031417408219,10.791431372549013,1
5.174451579852529,6.208427099914016,1,-0.2136371542877017,2.185267002957032,0,-0.11028301033219319,1.6050484026658298,0,-1.6230181974872384,4.50646270962838,0
-2.599599930422686,6.595929726909028,0,-2.46645767196665,3.6521100673676656,0,0.8315319036132564,2.0912512027838637,1,-4.595604928857384,2.1152126732085565,1
2.4461200604735973,6.326068514716912,1,0.10673247399114996,2.40256088246117,1,0.45160121077569715,1.6649559900112754,1,-0.3438231353298167,6.1666758864855895,1
-0.0422678716784958,2.995757183795903,0,3.2180487247099885,5.443566098802031,1,1.0221436315744907,1.946621087992748,1,1.22244235695986,4.284983290680226,1
7.4722575094369,10.576763520193664,1,0.03369341584627906,2.00215709170233,1,-1.55852177773157,2.565334652278119,0,-3.566513845274937,6.721521880549256,1
-1.3503134751784465,3.6492773094535287,0,-0.8786197384030605,1.749125855892565,0,1.415884653248692,1.837079060367616,1,-2.427027200410577,1.2286633654058465,0
1.0736587026714417,4.564322372225663,1,0.6064579177470888,2.0273240103303753,1,-0.9218711307178085,4.1144269793106005,0,-1.7632875291677526,2.8690886260668838,1
0.8373439844784302,5.959084206118644,1,0.46211407919279157,2.111118618256649,1,0.3787089917252423,1.6405798767674344,1,-0.7534102330924285,5.411977022012094,1
3.590454501403616,5.077804575958168,1,-0.4059444138501749,1.3273503395963424,0,0.6660757170470747,1.3285744967491258,1,-0.14556814834338425,4.979804400977996,1
2.6572052605542447,5.425296582879864,1,-1.412722911754912,2.912893824586954,0,0.4173741814140709,4.604033659654115,1,-2.9480650287615773,2.3797163500133762,0
-5.767827223104924,7.291018738922291,0,1.9621907387066244,2.1104686556333716,1,-0.03693751868158801,1.3514906803313889,0,-4.504283414911481,2.928633791430882,0
-2.4190487611544036,6.1142778420161825,0,0.2976513108881997,1.9976098271885894,1,0.8574727482060736,3.4552663260295025,1,-3.467933387371603,2.6561812490763765,0
1.0547535410242177,3.465931800007046,1,-0.9872666321298998,1.5044536774483186,0,-0.009521931495796323,2.428257270727787,0,-2.192642447735878,1.2578309446635823,1
-0.64671624476565,3.2416227671260436,0,2.9006654626275963,3.644638095156754,1,0.8373864044098767,1.1723473506386382,1,1.9845739644306495,5.390337758359941,1
3.6421251180113794,5.032409192831742,1,-1.0418147417578356,1.761529017646673,0,0.03925115019002143,1.367784878714584,1,-1.9550967592928878,2.996324377781445,0
-4.394844934575967,5.4979736592340345,0,-0.5839247887501382,2.567485587935967,0,-1.5933755598701485,3.1683910308714607,0,-6.703755017828001,-1.2938826675580768,1
-3.0920880337601977,5.617290498811561,0,0.952522495744056,1.9283385661214354,1,4.276871226455758,4.277057579547772,1,-0.5354616272829287,5.26633300063115,1
3.628632694532995,10.43080115188608,1,-0.0502896024431968,3.1558375454450225,0,0.9072169306647426,1.7060394543091242,1,-2.4912513594779564,8.048506867523265,1
2.7927228569377944,4.647844913993729,1,-1.148494546790466,1.7683672099644627,0,0.1744888023368984,1.5156118143459887,1,-2.084449578333324,2.5008922852526676,1
-0.5565607110720535,2.755828135748023,0,-0.844358836513257,2.1498600435247766,0,-1.704140577424163,2.0350179351493405,0,-3.364898730800409,-0.6307284435448564,1
-0.8812217954748647,3.939668162292648,0,1.4002412455585431,4.659386924660222,1,-0.46286279554019255,1.323229813025617,0,-0.8262644171056902,3.2049000000000034,0
-0.7068843646246867,4.889451936442992,0,0.9764760430636559,1.979514938364002,1,2.7622867840404726,3.616587554219835,1,0.8895680000000051,5.976436974789921,1
3.7903664295424875,5.955870554413808,1,0.3124249130572232,1.2400252924438862,1,-1.5609096935232614,1.8904247415557518,0,-2.746951788491448,3.072033566557121,1
-0.5205184950995871,5.609785014227,0,-1.6687165920675948,1.972853289629834,0,-0.0032619704627025563,1.7101445343585673,0,-2.560533960826653,3.200831877392395,0
-2.3641608009992114,3.8316076573054287,0,1.2586842719569462,2.9528722276176977,1,-1.0037943736003827,1.730771982439227,0,-2.5288888480604443,1.3423795800741103,0
-0.6480707640987149,3.0886364679679392,0,-0.24704879787451678,1.730390624603025,0,-0.48698767166619517,2.091831913993337,0,-3.778046076278051,-0.7737805206159656,1
0.8757020983576139,2.458014243661378,1,0.4512009031817565,1.5738572558802173,1,0.2682781043967442,1.420045519901285,1,0.39036187600938166,2.89484712254601,1
2.8558670822715313,3.0928742982686908,1,4.22756714060032,4.849399684044231,1,-0.14567109343502563,1.2093080357819426,0,4.049731437598729,7.27550415275641,0
6.728278041074249,7.114612954186418,1,0.5319072551770518,2.090262717385943,1,-0.21441669528502078,1.4817725192017766,0,-0.3263398450376183,6.765055292259081,0
-0.8908843244952611,3.426330127144612,0,-0.7107444042456139,1.698097758769756,0,-0.10602915764220337,1.2664368139494564,0,-3.1793758860283154,0.20298867924527686,1
-2.998711160371032,9.178895901023813,0,0.5196615237592351,1.9545533384740803,1,-0.4554886551485997,1.5490260880943454,0,-5.740710144927531,3.47170572560989,1
-0.15072587176855676,2.288137342461815,0,-0.48311960227916734,2.1404800910360433,0,-1.316131701884225,2.6715643433462857,0,-2.7240350693267783,-0.4711880261927053,1
-0.9643251260011578,4.943709882495647,0,-0.13886760306285106,1.4446471426747276,0,-0.6960053411350327,1.1075331139913043,0,-2.979501669757623,2.0084970119515555,1
0.4323183749107129,2.4633525635938627,1,0.37179696795651584,1.4710707178173557,1,0.15700104945820056,1.146823903885465,1,-0.5554632194521427,1.9228075709779142,0
1.7179830328912644,2.9720622022771157,1,0.17418749266330907,1.0772880483505816,1,-0.1208583242066037,1.6854638873468049,0,0.24365794039890878,3.2607991476161358,0
-2.9060964401242226,4.638217111406251,0,-4.370763330258383,5.152337389764264,0,-0.6041147117824794,4.503233241396405,0,-9.538587141535881,-5.199663261767251,1
-5.468739316719591,7.961131445746187,0,-0.6414359648620943,3.080123602847341,0,1.0094482656298576,4.167170433502945,1,-4.942839630351416,3.2784693407100067,0
0.43005819500983916,4.139557568877846,1,-1.0414737812151542,2.4208083417278194,0,-1.4677741601116527,2.0275853504104697,0,-2.9118799116417713,1.2251712328767121,0
-5.72947221240427,7.39015591051815,0,-1.5465277609427441,3.3177022233137157,0,2.3849784526985407,2.6972046502913125,1,-6.516751262209445,0.8637132841346684,1
2.114380796887973,4.852091192366655,1,0.5739898834369053,1.7332381844688185,1,0.3273938827497694,0.845614953103432,1,0.39906133431959606,5.383015815959742,1
2.825012911503645,4.253260907338937,1,-1.252252832400975,2.045851986715916,0,0.04683621851889216,1.4365138952528131,1,-1.3013773416628125,2.9478650751676967,1
-1.852244301954388,2.6171911915612247,0,-2.330601590646909,3.3243085675742052,0,-0.07857686549835488,2.5101156374417384,0,-4.788523320222572,-2.2430092417298035,0
-4.0647404100289535,6.626207176742313,0,-0.4051076864035513,2.4732160941514194,0,1.5768491009912515,4.63173649594564,1,-5.324952055537947,1.2924473880957235,1
2.302953958332584,4.919603864699971,1,-1.8232002654908332,2.7564123380993055,0,0.20437381906636434,1.9431432530637478,1,-2.437081091873682,2.4632042170488644,1
-0.6926413993075596,3.222393199767078,0,0.9303787582087475,2.1962529117519445,1,1.906775401777568,2.5949947557307356,1,1.6630764915099867,5.03806985359234,1
3.1851946826603577,4.19986709624537,1,-3.40176948076159,4.315354933354672,0,-4.817519170831999,6.032630135096021,0,-8.614637453329053,-4.7681789033879145,0
-8.839150253334976,9.631966033995836,0,1.1972825383795163,1.8687846597930837,1,0.988171670182649,1.899077830163975,1,-7.511819476497521,2.3088321264299396,1
1.8223857091232007,3.213257459151827,1,-0.374149262365371,2.0542602252856974,0,-0.4433006633844592,1.4521280172431916,0,-1.7506048896753401,1.4146900152739594,1
4.700713458271319,7.620830673446758,1,0.44183122462379343,1.9508674049301404,1,-0.8913500131287815,1.6434759715640512,0,-0.9606589284167214,6.793008225826328,1
0.9032342694547781,3.804590900115337,1,-2.25016436640145,3.617011676194986,0,2.6964401694862854,3.66249431142883,1,-1.7976765057888806,1.976528634361234,0
-1.5026970266061777,5.759004538639108,0,0.2678016556286766,1.8272833633306778,1,0.33776734161879596,1.9644228419992655,1,-3.5610126582278507,2.184059743771318,1
0.3933380655714207,4.61256437270022,1,-0.6723253188604924,2.7495989618524064,0,-1.1614324409681576,2.069116587505949,0,-4.259399888053466,0.20033922905256596,1
-1.1964312016677177,2.7495989618524064,0,0.46819397653740413,1.6807684402342915,1,0.3428316474934943,1.5989008821959194,1,-0.9717223399645138,1.819077236059918,0
-4.936068854531747,10.782824432476868,0,-11.823646137399937,22.185276574834862,0,-0.26480341991609746,3.9480435824584736,0,-18.215603968639428,-8.545405278647445,1
-8.289952570034313,22.185276574834862,0,0.295852160027425,2.779320648868296,1,-0.20194633014073873,1.812313421352284,0,-8.228291556981654,17.816286412104613,0
0.45167819132139275,3.9424209309310836,1,-1.9877536173308599,3.436706814323827,0,-0.1244284313810329,4.905787839832523,0,-2.4827422444062326,1.474673856737368,1
2.1643359469727588,7.830814000485005,1,0.8036187472663316,2.134476911910549,1,-0.07421568848637024,1.7568499432543212,0,-0.03489193111834793,8.187493366729637,0
0.15277915430022618,3.8157597741171236,1,-0.21423548168522272,1.42890800533298,0,-2.7622932335288954,3.9997270148480273,0,-5.180665884480012,-1.5273221494970362,1
-0.18281506765855846,5.12129050019286,0,-0.924287352466558,3.157762468301764,0,-1.6938329484393895,2.2339028645137486,0,-3.535865095812811,1.6053452591858919,0
-5.82174981176468,6.938893027922152,0,0.1968956200971808,2.858738585803042,1,2.641372519617079,3.3747154303594833,1,-3.403488777613889,3.7527758452291566,0
-0.905988910196305,6.824986131964833,0,1.906695552075232,4.4765176762040655,1,0.8483390559913305,2.174901322900435,1,-3.0841236330328448,3.627351448193493,0
4.707571270845644,5.829646882874844,1,-0.16507316496734198,1.732155333888705,0,0.6359833518069962,2.3562033816946064,1,0.03367016960237768,5.913954134518801,1
1.4242467348070573,4.299834218627044,1,-2.6847863900885995,3.4823743655731647,0,-0.7993462373280679,2.2555099207378393,0,-4.324330708661421,-0.14742681047766212,0
-6.740787001637252,8.934119005690551,0,0.5798441053818519,2.0698936809830424,1,0.9151906847581728,2.427219886788743,1,-5.361544373255382,3.897923497267766,0
3.537391386212553,5.09000421510291,1,-0.3203756384727634,1.8861697213814956,0,-1.2164348389127266,2.77672902577194,0,-2.218392952866446,2.8045104339414015,1
1.0124424044086255,6.106708523682519,1,-0.2905670661196526,1.533405187405739,0,0.1360352936467923,2.1050784388780195,1,-1.5755879296817048,4.670747422680406,0
-2.4826073044001995,3.974868260714074,0,-1.2948906295017468,2.6237546162531955,0,0.31542930538778363,1.2177404263282339,1,-4.943396226415093,-1.0560093090987437,0
-3.030259790212945,5.3295153351202025,0,0.5773528156677635,2.986457132095247,1,1.3817922086268433,2.4659102353724407,1,-2.0310705119607886,3.440046931819143,0
1.6042779589711187,4.050875532572212,1,1.488895974702792,3.500626838416556,1,-0.7108249763047869,1.702985313486628,0,-0.20242709858995436,3.897167095228676,0
-0.31909639652215027,3.96408602178076,0,-0.4421955422198496,2.3412280600261535,0,-1.185932417567044,2.0688697584004507,0,-5.286484414169762,-1.4992895586652277,1
0.5213870687264959,4.23074731003782,1,3.5834168678313802,4.612489430328814,1,0.5128548005175939,1.83814286860474,1,2.5597980966402076,7.0034542428028566,0
4.268655469634356,5.724691604271503,1,0.760697435478019,1.995593745367554,1,-1.471824619006273,2.2067215409197125,0,-1.5458683874230477,4.121684922219263,1
-0.5904176740905113,2.3516313876635038,0,-0.9497729179483095,1.4334522374899197,0,1.3449276903070007,1.6598349550386045,1,-1.917560483870969,0.410775095990963,1
4.588762539081956,6.860611460665894,1,0.34049164208456134,1.7151819075712849,1,0.011052298339155879,1.2239832522406842,1,-0.7079658417184594,6.1845826630399765,0
-0.016755162241881612,2.7968928220255673,0,0.215406129528401,0.9912614521145536,1,-0.3244319400174553,0.8853066290879946,0,-1.9758578883152518,0.7879293466560124,1
-0.8164000454604208,1.9435905321190088,0,-0.9005283657708881,2.0966250316581188,0,-0.21538313118355962,1.4864058037557635,0,-2.493309803014336,-0.5730122392704625,1
0.7332188187144675,3.636939869512045,1,-0.3176554652697466,1.33500192196885,0,1.266408873712329,1.7939527591585895,1,-0.2639364509340123,3.434006249639849,1
-0.3286016477836813,3.1819786138713413,0,-2.8822445351379242,4.006444736092192,0,-0.1576151979875844,1.3368863424258255,0,-5.734376739490118,-2.710747187369754,0
-6.241119506666101,6.743682709155639,0,-0.10849263724927764,1.4231990201207274,0,-1.913486088524188,3.117152599858709,0,-7.659407341423699,-0.9835729386892246,1
-2.341163543616596,4.322624832712508,0,1.1196225722486284,2.5208398826111122,1,1.0857780395147205,2.279550932040691,1,-1.2929682057236955,3.1123901679698447,1
1.454816492194988,4.264588455756139,1,0.14570062173240123,1.5617603793650219,1,1.6945274264285322,3.1894955401597564,1,0.15802549110616418,4.47958685402673,0
-1.9017709503017393,6.228277043449104,0,2.1774821544451686,2.9180834955656474,1,-0.3269576035651763,1.307576170401022,0,-3.058625665190417,3.1715697473087037,1
3.347220419640922,3.8093878433917405,1,-1.1528686099664414,2.1047957650237503,0,0.10913887079089565,1.0812820798042275,1,-1.35593559597823,2.404247628241624,0
-0.8273702619632294,2.7835229682533864,0,-0.4658013070264696,1.1958625983415265,0,0.5267081368153762,1.696521533892726,1,-1.616745504178042,1.1854693527646794,0
-1.798794896654836,4.005980053097298,0,0.13688013582985745,1.3960267312270322,1,0.6785271299185028,1.305322391116117,1,-2.0132356643406584,2.0494120103396485,0
-1.3860405074809556,4.276320532816683,0,1.256786948460544,1.8309677523529448,1,-0.054283212695580764,2.0651325284017132,0,-2.711400075748017,1.5334751164110678,0
-5.221545330585992,9.691444915497408,0,-0.409122536610392,2.74356011461788,0,-0.5394288843516414,1.9638069720593652,0,-8.112613664351297,1.5096576356776283,1
-0.7363652884068569,3.1527978126696485,0,-3.1823434679092495,5.096766558220041,0,1.5032935686389686,2.726372256279265,1,-3.153288752721952,-0.02767953977459792,0
-3.614799482055252,5.883383534369528,0,0.8289973742523721,1.6103719556588525,1,0.01729961380103535,1.3915809341552894,1,-2.9117417616873356,3.15113300492611,0
0.27428804525991723,4.325159770862197,1,0.26514893523132343,1.9227854452036726,1,-0.6508128649576933,1.3812420043229938,0,-1.320798547854179,3.058860405681066,1
0.428061084021702,3.8287592583887835,1,0.4838249552372319,1.5518954230876156,1,-2.869844970841541,3.2602646523867005,0,-4.370662173463287,-0.6650485436893204,1
-0.02045205736707703,6.445862496230957,0,0.8959371658578283,1.9730310676632477,1,-1.116883498309819,2.472183904561238,0,-0.9926981734192761,5.7594663120881195,1
2.1360721300160432,4.4467764855688765,1,-0.37960969667712385,1.181725219649714,0,1.9825014002872114,2.1956033916893842,1,0.38959557990152166,4.914045621911193,1
2.7577486689101707,4.364669493975371,1,-0.4661202990508045,1.4527594280734129,0,-0.02238319015560518,1.2144766883304297,0,-1.1766401442037742,3.165441404133678,0
-3.102468851150824,4.860224226647488,0,0.20876272679959956,1.4352231969232112,1,-0.9804114541301506,2.200676915059447,0,-5.322570414028672,-0.5455447650102724,1
1.228080970534127,3.9613954528288717,1,0.03527847715810766,1.0513218288362585,1,-0.5074403084398265,2.1454818398207878,0,-1.7114285024137805,2.25646273856745,1
0.03771547722495785,3.339711310651135,1,0.3614038092811135,1.0250722006871604,1,-1.4138851663465761,1.6712705425558785,0,-1.80369089233072,1.5297776297270076,0
0.053220662428975,2.043854475723084,1,-1.0101839760848832,2.0242195425053113,0,-0.2002897889450203,1.1385904152282977,0,-2.089499188308508,-0.06629121201454886,0
-1.9583016621236509,3.778433321546541,0,-0.40518502328551353,1.302933524413507,0,-1.5046563415304945,1.5934311845226146,0,-3.23267098624445,0.5571054087203325,0
0.34882710408622136,3.3037817347772704,1,-2.6487892486307283,3.2228575851327457,0,2.383025224947991,2.932640993054385,1,-1.3006834913699628,2.034363718531785,0
-1.6400401810080412,3.4089908898979457,0,0.8458251833491791,1.1555784949204773,1,-0.06978494736072384,0.9976610043519893,0,-1.276499827423881,2.189828565789995,1
-2.389368083595765,7.103575306093164,0,-3.6538930780977044,7.048578861199885,0,-1.8774205336641752,4.138242100004213,0,-12.25985892498143,-5.845962952241124,0
-10.230694000598213,14.002260992081611,0,-2.8774915720942387,4.705360084966358,0,1.1116059740913298,6.199716845490438,1,-13.048800479039826,0.9245123225023232,0
-3.7211464091922184,7.753590999844441,0,1.549503360288032,2.6781975893257433,1,0.9011191141276177,2.2949047107772627,1,-2.7056442218238446,5.381176470588231,0
3.445453143655703,5.557621978070852,1,-3.7849320270331015,4.017460601546348,0,-3.9124710605875643,14.60729195849568,0,-9.46570107509418,-4.367271930151358,1
1.2762046218363383,14.062242759059634,1,-1.7603812906793934,2.721505250725792,0,0.8135009251579148,2.177020020583714,1,-3.8934559789750307,10.979486942925677,1
0.6925626041791955,4.983090329149699,1,0.9863603298424308,3.8117360179599573,1,1.692636023467653,2.417333020887847,1,0.6465116650644537,5.802096889825249,0
-0.47947996528202497,7.206223943949702,0,-1.7041050922740018,4.288695259235675,0,1.406200699125228,2.783885392710672,1,-5.747470857084177,1.1807864614471963,0
1.0437209191174777,4.724307666571984,1,-1.0247818562965463,2.416512056874181,0,-1.2194177437891172,1.9067669369085951,0,-2.5252476443585414,2.2499867647837366,1
1.52970901800502,4.970814655986256,1,0.41280041916424964,1.4006789145639902,1,-0.12866679918765678,0.9285181222461389,0,-0.3729672025040106,4.7169816536637645,0
1.271466655918871,3.749038133658447,1,0.26597549012545924,1.4667681253757203,1,-0.8664407437712903,1.3878133140738746,0,-1.9788511956247614,1.7339360299658724,0
-0.6145935517838809,2.635892022437919,0,-2.037579686712856,3.530691747924908,0,0.033789632479194906,1.5950591210872354,1,-3.2896999599779773,-0.6856896993224039,1
1.5240240438253834,5.656655439533045,1,-0.03941943001114828,1.2320845576656667,0,0.5323029231294784,2.811339365146558,1,-0.23460188212757926,5.6063525376682275,0
0.6482768226224477,3.251310429700374,1,-1.2443742377749896,1.7307021652864911,0,0.5961472408778229,1.3381927820274204,1,-1.321522209494727,1.9247626714988562,0
-4.757986467217364,5.843982988066467,0,0.3535863721918988,1.0305352814526854,1,-1.0070755366006423,2.3631526039949513,0,-5.57772407954333,0.26423903200471577,0
1.0714024563636626,3.0526885942937483,1,1.5028897088861082,3.101357460002818,1,0.07956870856951417,1.1849535704049796,1,1.6035627119786309,4.7616473939425505,1
11.381555420129517,12.579736544269807,1,-0.46869870378443035,1.8756119495818568,0,0.1464671500452759,1.0117968109953244,1,-0.8155575175423452,11.751287223170122,1
-0.4352442583086916,2.422851693463075,0,0.5487329411168343,1.040516431811548,1,0.13641650810239847,1.1448565141343852,1,-0.8017746179893266,1.638828553996344,1
2.4081964719827558,3.7661716884703385,1,0.8481092987687107,3.2664360220498456,1,0.08303511466375814,1.5009456322266912,1,-0.06440000505832766,3.725042724177675,1
3.4153507853798164,6.699797077998615,1,2.3239459080181173,4.330730187080254,1,-3.1731511570139608,4.00702244907911,0,-2.314517639628617,4.3461091581016476,0
0.44642287609691894,6.378338603413549,1,-0.5744899613326231,2.7569804758660412,0,0.9164774437118705,2.893424160351627,1,-2.8980461967868827,3.4686855331197988,1
0.7252598513386199,3.858167477007594,1,-0.6881518670047277,1.8035287253659054,0,2.000471024405549,2.495363991022888,1,0.03387887233281242,3.977666573996845,0
-2.02952129192117,5.944527378414199,0,-0.35642964022862195,2.6353606958175435,0,0.8616314483493706,2.070206460576395,1,-4.857360959651033,0.9577387340204307,0
-2.6044007657300194,4.562685245687023,0,-0.615796955196031,1.7639321554757077,0,0.4949745464038582,1.3843433684185442,1,-3.776826415997199,0.7763596416845508,1
-0.356456915915233,3.052305352255679,0,0.5204737184568862,1.0453042525361855,1,0.32575238814025015,0.9089690616498695,1,-1.2112050936468914,1.851243146272428,0
-0.36687228942137307,2.1240896859967155,0,0.6148741412782319,1.932363131506734,1,0.7344121938925672,1.7978017472080134,1,-0.5125106359105742,1.6183593449680886,0
1.0974005032970593,3.081571528282952,1,2.744878870550086,3.137715902382275,1,1.0392834742604893,1.9153146946242767,1,3.1280789556182484,6.344533974744433,0
4.734177221137288,5.440095171712925,1,-0.8142047397722569,1.9559437775771842,0,-0.513440881489378,1.0245979945800177,0,-1.573070487294375,3.7937167824033793,1
-1.5457690216020066,2.865885861978097,0,0.1379224258675569,1.8927603596142115,1,-3.104349683264683,3.5793787570455535,0,-3.0189445120344427,-0.15757455700770417,0
-7.620196945479521,9.375308218468215,0,0.38825480489066183,1.5794176844056134,1,-0.915244317010485,2.170977801246418,0,-8.403570835552172,1.0005767185314298,0
-1.321576230131468,3.8149729132013483,0,0.7448370668916174,1.297416190208378,1,-0.9992617453828074,1.857423801577011,0,-2.9785851458338586,0.8243346007604488,1
0.25062017683630905,2.2099915643452874,1,-3.2338933625739292,3.8622121628717263,0,-1.3395474763101967,2.258286598336878,0,-5.482209972654662,-3.3711251246618814,1
-4.325055312299454,5.428857936274054,0,2.4799076909209172,3.348965678227623,1,-4.848780847651434,5.584965462331619,0,-6.420861723636559,-1.055032656399689,1
-3.406333196905275,6.99089127813112,0,-0.6653890246991043,2.9520225461147307,0,1.8891311421090073,3.0423875481905314,1,-4.620207924675348,2.332690042465891,1
3.3289971266555725,5.656211710566033,1,-0.21118402589604193,2.1654071054200688,0,2.329712392440553,3.127973209158832,1,1.490489259013919,7.336442392268805,0
-2.6019377088127182,5.8612059491078226,0,-5.207222133042855,8.375320710187497,0,0.11305159734942016,3.0183247237216566,1,-10.265235130742402,-4.834005033977201,1
3.016165565107578,14.484504174936626,1,0.4128940565309533,2.197183436376544,1,2.262255453435796,3.925787857073438,1,-0.8871349446122926,14.694011924583474,0
2.2697833446686486,4.432530702462116,1,-0.038835307716295245,3.4562149743238417,0,-0.19576981162191093,2.4457712777282166,0,-1.7541293954863657,2.638819531387841,1
-0.24458089465947225,4.4109927364723625,0,-0.7900801754223754,2.7254176984703067,0,2.0707968292733834,3.159141095480944,1,-1.3725177586763817,3.0503626943005244,0
-3.663096672870695,7.334418823981408,0,1.7526002794488411,2.704052008240293,1,-0.7456123321408019,2.0183884527417018,0,-4.0837698172734305,3.3561128320006595,1
14.48117697277894,17.994729181193687,1,0.712882484288573,2.0359212997357092,1,2.4644597701149444,4.904298850574719,1,0.8775743355489175,19.150422789618833,0
2.8278612761966153,4.935875975291127,1,-0.9979754288432332,2.391549991697416,0,-0.612443031594138,1.8895079956893328,0,-2.116594436522619,2.756964468462252,0
-1.1413469270753924,4.460401611196831,0,-1.031528745994527,2.6059062656688314,0,0.5547444785434079,1.6710179645125482,1,-3.8408969482740556,0.5564244521337927,0
-3.324029803765553,5.203368571124893,0,-2.3892645890350552,3.444207056884732,0,0.21544476764241444,2.6559700948864013,1,-5.8160369350474665,-0.6687648838195396,0
-7.770671846031611,9.298419705129342,0,-0.3500110670895541,1.573135080529344,0,-0.0223319183809389,1.4095999078040156,0,-8.09728219438526,1.3085710509847652,1
0.6295603876315089,2.6040210680622176,1,0.04072067470400937,2.254767733485732,1,-1.458336507936511,3.2517841269841252,0,-2.781049108663994,-0.2120708906407478,1
-2.415365606414365,4.064451384109442,0,-1.299883843158844,2.5088940311631376,0,2.0267811082732883,2.938526669810436,1,-2.738696758268056,1.348320209973751,0
-1.0115878231385156,6.217268233772882,0,1.4655455745623218,2.811756046947768,1,0.6321972179380523,1.9921071952534235,1,-1.8133207406175325,4.494112380251352,0
1.977305016047738,3.925953819025876,1,7.819689467257534,8.329788115052377,1,0.44304992351431605,2.2777972790570913,1,6.618381288569476,10.817116514297854,1
8.252829574369992,10.123621266975444,1,-6.447682155828549,7.644784662900298,0,0.274275370535475,1.5375116925037804,1,-7.790512137581801,1.5669946324640835,1
-5.977479570167237,8.363723129195098,0,-0.7398789049305362,3.058137399996146,0,1.2796730788683466,3.6003880630260077,1,-4.99432276872921,3.6540227198257345,0
-1.7844988573161746,5.052711553735554,0,0.9816991003565966,1.7168438042137597,1,0.14878174875698602,0.7951219836475484,1,-2.5593964990623155,2.5170245544749066,0
0.2381371032479028,2.077702977475484,1,0.7719334781492566,1.5909304130965332,1,-0.7759578633474196,1.8936430583598836,0,-2.4466161732125213,-0.41576669256315246,1
-2.5983873678176663,4.425098998213334,0,3.491319763040203,4.270355108667466,1,-0.8128833610467135,1.604639581467765,0,-1.2153131955484815,3.295889255184515,1
5.037527106293735,6.212978343828943,1,-3.0927559711806074,4.179165023665519,0,0.9553469041172189,1.6940413283856381,1,-2.5895049835368598,3.4941926718500853,1
-0.9721947513829701,4.418856320021766,0,0.7050388267502533,7.196179407065152,1,2.004923123532524,2.8314776944633713,1,1.1997404259510922,5.852890553413726,1
4.68149851918947,7.196179407065152,1,-0.9450022312552754,2.2078246573637754,0,0.4422103057619437,1.8014439910694462,1,-1.5478257407485987,5.61665346306909,0
-0.43638297479313704,2.5476657375441034,0,-0.8800089446093426,1.6491135218373916,0,-0.28627068557628965,1.7475101915714955,0,-2.5074197705678616,0.01896212174029639,1
2.0290152971372892,5.597997423054151,1,-0.33741834992900266,1.14257445079168,0,0.5871619736134932,0.8245723323514493,1,-1.1078560974458185,4.551686994994632,1
1.0850376574004632,2.037075331075911,1,-0.8441201947991478,1.2663696842101235,0,-0.845949468917658,1.527188555183355,0,-1.6602047729737643,0.35404636101370707,0
-2.3633518882265188,3.299824362583432,0,-0.3901369693162621,2.3213028588975586,0,0.47056043514441165,1.392111086881328,1,-2.5127551562869916,0.8071301874899234,0
-0.6055477912944068,2.5956822420355423,0,3.0514871876886307,5.939486610386193,1,1.3586006975882083,2.3388107784309176,1,3.3243645509477457,6.0577251050550345,0
3.3522793207724613,5.939486610386193,1,-0.601953784555323,1.8287185666145094,0,0.2430836077985215,1.4006686876547838,1,-2.2608642279268714,3.560977410648565,0
1.2544104513839602,2.931148602077394,1,0.4494291950938919,1.9154455107299277,1,-0.6481207121345984,1.1081768971371817,0,-0.4630218264119187,2.497468232329502,1
2.595485061244804,3.736605502256815,1,-0.17276158923399038,1.22886504085427,0,2.1030732761543316,3.0198727875829374,1,1.485782097649181,5.3024236957314,0
0.6691729135449324,3.4530512544976397,1,0.4406130829857826,1.1014537728383231,1,-0.6293182841770634,0.9073364187815801,0,-1.6729910991219632,1.7541373890108736,1
0.44013947522908187,1.6109655080491843,1,0.4719073180760816,0.9820610128466547,1,-0.41033440422094053,0.705083540179721,0,-0.7764757177848284,0.8306614362486151,1
5.187389289757606,5.595777097243655,1,0.3308934635735489,2.334203251907594,1,0.7678366305041462,1.14222505849819,1,0.5820021299254526,6.2225436321470875,1
0.6347673757484763,3.3331583251805146,1,0.49486367390151637,1.421009925691982,1,0.9255179143800495,1.5960567513107853,1,-0.7331550358668105,2.588518873634767,0
0.6503383286273174,2.5174339025941133,1,-0.10364729325483966,2.1728846965477295,0,-0.48565981958676024,0.9202497341559365,0,-1.6735277599494947,0.8128782340019091,0
-0.823763148972908,2.421583416264517,0,0.21789883929578013,1.107970998641418,1,-0.034735313309785146,1.169577630034374,0,-0.6082594793406232,1.8444284835464928,0
-3.3317709462692533,5.076193447446347,0,-1.1075834317644409,3.116303070150105,0,0.8866106779150295,1.7766182465427895,1,-4.929596688068961,0.0939558739001636,1
1.7250359327568106,5.482581921523249,1,0.6640985540221545,2.387878301003011,1,0.5908349471910301,1.5082669270576377,1,0.002738564833701369,5.643906518397967,0
-1.0497473566277444,3.386509591118974,0,1.2316162188445854,2.2197376358241456,1,0.3476520137717107,1.2326313966979983,1,-1.7327439839366885,1.642935377875137,1
1.2686303968461146,4.131009238703919,1,-0.4858140320517859,1.4740100588431904,0,-0.4236679094720498,1.0424802193063651,0,-3.0246017150148936,1.003848513924096,0
0.39495954745547057,3.805633021134596,1,0.25279946435699857,1.0019914932336362,1,-0.6729177001001878,1.8425254882692546,0,-0.27973283669398363,3.6237509360154343,0
-2.3508847981252363,3.988716302346439,0,-0.44657619424801076,2.4803709713389255,0,-0.7824450247206506,1.769349044974343,0,-5.169043028749384,-1.2817382785578029,0
-5.100438446639914,5.409383483162471,0,0.6620830740074174,1.9042068819672135,1,-0.10190268213292665,1.3729355039118638,0,-4.388285347771186,1.074946387292619,0
0.6524937095853969,2.6751315584361746,1,0.7116298908019812,1.0933835651293395,1,-2.0468741185093577,2.549542201575657,0,-1.6771515692043417,0.9796563154515825,0
-2.7093836313852386,4.293037930128532,0,0.5630383863778462,1.215645145488852,1,0.0518888482040644,0.5097343949877975,1,-3.340283257729875,0.9421415004748379,1
1.2060848753212943,1.5999727390315903,1,-0.28748201337936,0.7276238256826102,0,-0.09029954076433312,0.9839390624652,0,-0.4442665945299945,1.153388520848161,1
-1.4985441211366026,3.651304446421212,0,0.4318130336140602,1.514654484344553,1,-3.2070413583919217,3.3990028300619133,0,-5.300349453357737,-1.7694433463009684,0
-6.249109037238381,7.584112221577839,0,1.6537460643306559,2.2941497323201254,1,0.8663415895945483,1.7186802418056129,1,-4.196124206276133,3.6146784078290293,0
1.3960926399221867,3.5841363982686225,1,0.1104252894860781,1.7037365294488693,1,-0.7595581784950439,1.4584164625486538,0,-2.3736446944914875,1.1496257668945973,1
2.614071842773131,4.919636175105381,1,0.2800582808887053,1.0823072992755736,1,-0.10941881310632764,1.2083800854852726,0,-0.9982527869143547,3.9355955787136834,0
-2.9100599159995277,4.6690795686708935,0,0.7049090899991601,1.6386821678269197,1,-0.1136423477838376,0.9241420561639134,0,-3.185622498300774,1.5147844263618415,1
1.502855169583565,2.7050792490978988,1,-0.3901528006050928,0.7925787421804898,0,0.04580105072708126,0.5107151199388762,1,-0.978982378023583,1.7113034089598103,0
-0.44543122469436114,1.6911550331830714,0,-0.17422073060769366,0.773653962215279,0,0.3220487632007336,0.6608241093094572,1,-0.648927544777776,1.0548349747680708,0
-1.7051590881680745,2.5681398699003344,0,-1.8949275124796356,3.3802547716097155,0,1.097854529651614,1.8186105143765867,1,-2.9258652567108316,-0.38156806606129645,1
2.909636813544508,6.439334533852464,1,-0.27326005890048866,1.6378942829281677,0,0.7238766019369041,1.3001476301418962,1,-0.29541860295369515,6.310354703542052,1
1.693438132432998,2.88002332498665,1,-0.30942532094377495,0.9512767230137016,0,1.6426295515202052,2.1642711753110913,1,0.8634850990502563,3.7852729198508044,0
-0.243605535516286,3.1989621208340395,0,1.2882693226502377,1.4826685278465312,1,2.2136357018923416,2.738715474590871,1,1.1344849507484975,4.41591648100014,0
-2.1943861550258617,7.7550637682077,0,0.5419413783737096,1.4114378842877342,1,-0.607294607997951,1.5671192049889988,0,-5.947958244675581,1.6408850892632683,0
-1.9037706496777569,3.978121836185407,0,-0.2084353995095786,1.4128267744401561,0,0.4088568743463734,0.7620787205357155,1,-2.660023632238853,1.3406419366063875,1
-0.7026602906005242,1.7203288115655908,0,0.8076623584410234,1.022021369468572,1,-0.6925205318610039,0.910504594133537,0,-0.9501555372926944,0.7711508613012384,1
0.07325327452786481,2.4282103963866826,1,-2.5284640667209395,3.2928186147255256,0,0.9167021191390408,2.105122734899064,1,-2.8197518315969816,-0.4326826891015013,1
2.4742130112832625,6.081236711215361,1,0.37611995494965816,1.0459916959437816,1,-0.9278182389707916,1.7379070521379534,0,-0.753764821927514,5.4809699051721426,0
-5.7223876287558815,7.660832996312715,0,2.52526657443194,3.1024246254101677,1,-0.17587126151987253,1.5343622139148554,0,-4.640416666666669,3.1980849314341775,0
3.0188937712173165,4.222415136011228,1,0.3504320534768018,1.3700884486834588,1,0.13834713504660393,1.6627294848967948,1,0.09778519817706145,4.348864678672056,1
1.2732330643188932,3.837939186435145,1,-0.3434685137930779,1.6226082476716408,0,-1.4073322573673104,2.550478831816007,0,-3.6761581697080805,0.05624936343311789,0
-2.9176460407795295,4.400492236112351,0,0.18668732334523597,0.7151425025842272,1,-0.11256392327551666,0.4617111991923626,0,-3.425166211171778,1.0003858619955448,0
-2.4857963745456524,3.081895267530749,0,0.9068306677315251,2.1118112754983045,1,0.06645170785364396,0.595880152080669,1,-2.0412793478218836,1.0581594026814556,0
2.2571401092171364,3.380024538521167,1,0.9951549274694337,2.0265062833153937,1,-0.18946171929048958,1.6794016467526893,0,-0.4771386163704077,2.908235294117648,1
0.09497339965275052,2.8773692030497413,1,0.06910543135968789,0.7723914842163773,1,-0.43917853303838006,0.9622966876533098,0,-1.795769584704974,1.0625091501582644,0
-2.016367157857997,2.9235155317118826,0,2.5489362096813695,2.8279053990489094,1,0.8936062501244348,1.3855266399996415,1,0.8391222199305048,3.86500845109917,1
5.167250336885718,6.319618076949077,1,-0.2675554608099796,0.849434411744636,0,-0.47946930277541,0.6804710786531118,0,-1.3667101204763388,4.878103174632676,0
-7.940737649750304,10.736916480010324,0,-0.4346730278599681,2.2370719391523326,0,-0.988137019392759,2.518026080567692,0,-10.044610529470496,0.7283990174089394,1
-1.4317337033873854,3.775093104149383,0,-0.2858201817644347,0.9315044913608366,0,-0.09184439071310381,0.7256235827664383,0,-1.7103977821557252,2.134130867917125,0
-1.5427626693023082,3.7372897472594424,0,-2.434058376798158,3.6591940440078887,0,0.0053464793144673275,1.0376504853302597,1,-4.137610490978428,-0.42708218018077265,0
-4.060175731542744,5.036985280890194,0,-1.5227657175077438,2.8149962409548004,0,-2.4250373068898767,3.349776993667064,0,-7.498362516920667,-2.5964575665022176,0
-11.656564232684891,12.361825721266795,0,5.131395494251412,9.708386216145026,1,1.6667494211665361,3.3895716047278124,1,-6.0597790754243634,7.1145427286356835,0
3.1047532002416034,9.708386216145026,1,-1.2605206005882823,5.362510551646702,0,-2.5736749742253564,10.247952728845528,0,-10.359632465543639,-1.5588090960857968,1
-6.458462557741742,14.161479143301445,0,-4.423863594435728,16.171212472831893,0,2.576612958415294,6.483998101109433,1,-11.867712450016564,2.0719603916308875,1
-0.35793115790730584,16.171212472831893,0,4.069583574842168,7.860554963952541,1,1.3934066810172976,2.3042068617289835,1,1.986593864549508,20.815793047925187,0
1.0580419587670646,7.908804884716905,1,0.41519305622104363,1.9823929415812531,1,-1.577925382100617,2.676482751226587,0,-6.283793818160678,1.1916809272138726,1
2.717394092425255,5.883360847568408,1,-0.8331901963838922,2.6093533006049068,0,1.2193118903818492,3.354694775677984,1,-0.09973089170975645,5.917322188155066,1
4.173840157969928,6.560232694077062,1,-5.444653235607564,6.3616397236538615,0,0.870975947695437,2.7555083782555045,1,-5.031854595835656,1.325341678240784,0
-4.613293506339033,7.083136292668297,0,1.796262538307188,2.6158948495905654,1,0.3955687609297357,1.6752261321584077,1,-2.3552794268442736,5.088265657260845,0
1.9359390877570164,4.5362547587689805,1,-1.7745259483498204,3.3063479698526432,0,-1.3624951822191702,2.167700259089546,0,-4.057818895517841,0.3606122448979607,0
-5.727865263822203,6.753802109525736,0,1.7212698932922852,2.61987402876105,1,1.3837955525362016,3.0626742298069902,1,-3.9157808933811578,2.9837257991635897,1
5.610583954966939,6.445627180221157,1,-0.07122276538574035,2.9425308923789713,0,0.2134628394128625,1.5366282526135695,1,-0.9032903963069806,5.489617349805248,0
-3.615711557049899,6.7239774280653375,0,0.7240709196036509,2.1416061446290997,1,-0.36139173598049984,1.1717151914545674,0,-4.7746566702120345,1.9811342785829114,1
0.8374833343044228,2.4208015299879615,1,0.030305771974065112,1.014512077071219,1,2.2342013352689793,3.0012598930859573,1,1.7051072870236477,4.189495308614653,0
2.939829947544823,4.246719595759787,1,0.5297928342826258,2.032271302568743,1,-0.14689511465248078,1.1332754257098037,0,-0.33538449213628085,3.9248136620764247,0
-3.908519044985146,5.910226647185196,0,1.0266916445222083,1.2887459355967483,1,-0.6619686561705989,1.0670631010274323,0,-4.544338513778243,1.3761434487464808,1
1.8925608353827383,4.05058015745952,1,0.1624894984326528,2.2517993163559855,1,-0.6761057521722873,1.9891290686386323,0,-0.9503065710668595,3.1247467903493895,0
-0.39282359425824553,2.9565392909665826,0,0.6686443965918826,1.2989314498025382,1,-4.9517896621388,5.753393205878898,0,-4.276591022766043,-1.4162963630074261,1
-1.1144299173724523,6.269799183042801,0,-0.7773942643400886,2.5884929749422527,0,0.613865167926227,1.8996493629788973,1,-2.1288740221362197,4.3381066314323435,0
-2.035095991247075,3.7924655086335086,0,0.9030947267154272,1.495905765487623,1,0.7059598684730053,1.6974699207540287,1,-1.3752224940174413,2.488181139586962,1
1.414874040763355,2.562986609839593,1,-0.09599866532555283,0.7863273082250093,0,1.2587927969021397,1.800670955917228,1,0.4405119065130792,3.024485652518546,0
1.510195161667264,2.5734536286806153,1,4.009310571593184,5.469044148826551,1,-0.943964225287181,2.1762340819702226,0,3.230231412697251,5.904917183941678,1
7.728921947574402,9.911935925993447,1,-0.3642691115009454,1.3271720007462908,0,0.8448199763185551,1.332231959055236,1,-1.8797242362950515,7.905206114875078,1
0.2703212064981814,3.771017134443691,1,-0.9821865207165187,2.046318948323105,0,1.1707312422234866,1.3457831650773344,1,-2.1677295486970047,1.580211960645603,0
-6.261309258943401,8.348632629953812,0,0.529874503053846,1.7419464848905515,1,-0.34376166125411145,2.0310668337479783,0,-5.904553388487057,2.6123991123800017,1
2.165752102245039,3.761719604886683,1,0.012057387909818144,1.3513145016865602,1,-2.7487923801481107,3.592786212235259,0,-3.9089805342792556,-0.2669428198536745,1
-2.524429352084601,4.721370849441329,0,0.010576603408034433,0.9609551548647184,1,-0.23172984187866194,0.9105140131034007,0,-3.794383253771504,0.9350394879210102,1
0.5569221679881251,1.6997679547105835,1,-0.6128565807000459,0.8221140535347868,0,0.26020688253450247,0.8345054516161114,1,-0.7887784635398218,0.9115544278484683,1
0.18408490161915023,2.139232809748325,1,4.5795316306788205,5.122275330324296,1,0.5635493408630986,0.9763392410357354,1,4.072339965469641,6.3227597123628145,1
4.834401477188447,6.2501964524204,1,-5.665957494314395,6.911559721987421,0,-0.097111417339611,1.3177183856841999,0,-7.104288296645188,-1.2908729563521868,1
-0.7504680856493037,7.501682556592913,0,-1.717130154974712,4.753329497272433,0,-0.6602488804112623,1.8007680265814594,0,-4.479943785076851,3.2176944756161334,0
-2.9661537274617946,4.753329497272433,0,0.9095633665238898,1.4068090059360143,1,-1.1211228886432445,2.146442102941529,0,-3.9346507389047685,0.8270355341690213,0
-0.3354718782284861,2.4908654465621587,0,-0.11527001818845102,2.606745324763137,0,-2.132559007547139,3.0504560351363375,0,-3.444055533675706,-1.0172937939664264,0
-3.335281106193083,4.991863586281071,0,0.8271960794972496,1.2984394643025405,1,-2.216338550174048,3.3988269954791055,0,-6.2153748572962,-1.3331330986240373,1
-2.321364799560723,4.534113452094324,0,-2.731730885032357,4.835164370797592,0,-1.0573611163415886,1.491965503955691,0,-6.866059349154965,-2.495927650142866,1
-6.381856354353825,7.124107928266627,0,-6.696879228505774,8.643324843822004,0,-5.689830570764047,6.328365514509099,0,-17.069346697023395,-10.738264150943394,0
-15.40471380775873,18.596928326744834,0,2.047213592930589,11.034371035094019,1,-1.4318540148668428,5.506386915214699,0,-17.589678469084173,0.9735621576375695,1
-1.384489946013682,11.034371035094019,0,-6.279376188692468,7.352171839351968,0,3.3517680819640265,7.471876369186297,1,-9.153467234147804,1.6371265855925794,1
2.162531371969069,12.122024673620544,1,-3.5804664281136764,5.879944087481632,0,-2.3739344443938712,4.681525250811594,0,-7.072464404992089,5.313171697613308,0
-9.665650585760739,12.218720057153435,0,3.413093999017045,5.1600330788329725,1,-2.3007303619737343,3.7105462674868965,0,-10.183904611271235,2.0747029702970305,0
0.26015736970305015,5.4194547093683205,1,-5.829640315661836,8.372694790874764,0,-0.444788865715562,3.9960784517686068,0,-10.336383578756642,-5.436851142622018,0
-7.20274287638797,15.494373216618806,0,-3.552791399810249,6.514303925572514,0,6.778115584696338,9.58473465433778,1,-6.921042489642539,9.825337439563292,1
8.445906372578508,15.052548155511719,1,-2.4050940789601785,4.929173233708885,0,2.804929304653345,4.925665060758765,1,-1.1636164877104322,14.561283162397446,0
-0.008561477243992553,6.911398439476198,0,2.6610473918339945,4.660226198028358,1,0.18440136799863754,3.00241795938624,1,0.12611179694336394,7.378225029440102,0
0.7630583436793481,6.697448461331884,1,-2.9979222607811344,3.7083033760003095,0,2.168525063331226,3.0056874855895606,1,-6.267884485341386,0.07874259728597253,0
-3.603716270537765,5.405357119576461,0,2.2886544888082594,3.8382178919610537,1,0.4669869179156692,1.7150382884313575,1,-1.4925630672602306,4.092637810290621,1
5.58725829994532,6.680152012990775,1,-0.9788297733707754,2.8707159019559025,0,1.4696231014438381,3.318287750127243,1,0.006413841825231215,6.723175016344034,1
0.5339114570375816,3.9076897560744497,1,1.2454744918194631,2.221750136365812,1,-1.4787048088256216,2.366830052439105,0,-1.8997232849236798,2.0057189010016003,1
1.2112299490429872,3.2815881177559993,1,-0.4503257135703132,1.1687246092577521,0,-0.08040208521873447,2.6730421157341353,0,-0.6067633405244977,2.7079463858305344,0
-2.131461040728971,4.184687529524126,0,1.5058116836644677,2.2188206012689915,1,-0.5940643147937421,1.7356537747709904,0,-2.9798792756539205,1.180369929681418,0
-1.5667270113589613,4.876887792634903,0,0.8226198228768254,2.028288305349051,1,0.5540357282628631,1.6148757108073324,1,-2.677901272723457,2.19298159997815,0
-2.117806424434731,4.844171805222484,0,-0.8898048176448224,2.3751992210875135,0,0.17624614648467482,1.9110943858923246,1,-5.544761182563834,-0.8504163362410873,1
-0.7934282221480562,2.8241008636369997,0,-3.403572494775596,4.110309483530701,0,-1.063668135541711,2.6057551399895487,0,-5.929803387324581,-3.215968124274984,0
-0.8613294855209502,7.639864663150576,0,-2.0118623629237873,8.051657739918786,0,-1.3617271483900744,4.130430892334438,0,-4.270912709017819,3.633547720966252,1
-3.612815440009095,9.771194367306425,0,-0.8084238460376412,1.6657486914310466,0,0.6055156879328141,2.433995126566918,1,-7.5211485191729475,1.9997160154111797,0
-0.18252220141709,2.4143181295523575,0,-0.6048533855775152,3.07522165305448,0,-0.4743563521013091,1.1384970938611416,0,-1.8513694666894602,0.5561708860759531,1
0.3208067900810946,4.432385159488296,1,-0.9983997413053294,1.501382606929209,0,2.9836365520468187,4.092903101550099,1,0.437286499123433,5.000277127003042,1
4.729521041743524,6.671752117440759,1,-0.08154774452199841,1.5156598390223737,0,-4.102455659367268,4.455259219493937,0,-4.833985240070325,1.6034728074802824,1
-0.1998612500754585,7.1165251951851225,0,-0.12814504590955036,3.061595415739924,0,0.27353101872547414,1.691203496746643,1,-2.8197876447876373,4.428627588059643,1
1.898371655347349,4.456313399935027,1,-0.5838036940002342,1.6630739661515392,0,-0.3021607947714854,1.192539031754055,0,-1.155081467361713,3.342200772044379,1
5.340477526599694,7.834358417018343,1,0.8174516728065807,3.829867928411692,1,-2.0434098380518213,2.9764464476914383,0,-2.161599285951321,5.620336028319582,1
-0.169789809373818,5.72100541838087,0,0.2329955183907207,1.4484068450943353,1,-0.2550942629198692,2.0903224018219606,0,-3.9720101781170505,1.6403272149449508,1
-0.020099394748871704,2.981657218253028,0,-1.1622659274079585,2.148690713270977,0,-0.6088294330686119,1.4491340540408753,0,-3.039556040988961,-0.1103636745848244,0
-3.363454140908285,4.4654846311598755,0,-2.0063651196049643,2.4710879117400775,0,0.6125862183767982,1.0632131008848025,1,-4.735958076719484,-0.28565210162486887,0
-4.323168901076873,4.746742863939334,0,-1.1219863097819127,2.186825608878849,0,0.7841885665256223,2.1488948547995252,1,-4.76725594774375,-0.023352961900445005,0
-3.1451408749006813,4.004401322401896,0,1.864265579889442,2.9828456125817095,1,-3.5646757671385108,6.018432744643495,0,-4.4823280216248165,-0.5160255377280156,1
4.625318868481644,7.561985757509482,1,-1.2174886429036273,2.532330889522192,0,-1.313837253029579,2.1139670444069694,0,-2.949349662311449,4.557444771508899,1
1.7403501763143376,6.286847523193785,1,1.2489079530190235,2.636761716685703,1,0.6671283227955915,1.7407189349765964,1,0.42092911877394357,6.932820357733154,1
1.2942670997419983,3.975123935482073,1,-1.3430850425236642,1.8624932168634785,0,1.12602013180134,1.3586021523692065,1,-2.2846785784243027,1.6378561223838566,1
1.7854175770876495,5.303188194221006,1,1.3084515108258428,2.761112426727759,1,-0.8483482538790504,1.862749621452041,0,-0.9412337210919041,4.4021105199710036,0
-1.87038230352,4.309016649416883,0,7.18606459111473,7.864910163969761,1,-0.05101524839031629,2.710325531221557,0,2.8216641771892443,7.347762140572914,0
7.929470489869525,9.634738650948972,1,-2.9546832991453087,6.151482889869391,0,2.39444892725584,3.0953136531534686,1,-2.560100948855979,6.841307319019004,1
4.302165410035724,9.900118673971003,1,0.0223152833185884,4.11212532126313,1,2.0631917409048937,2.8191922625499473,1,0.06827731092436974,10.370531711035776,0
-0.7844976325279968,5.926588702823689,0,-1.2245337468234452,3.3592195374079488,0,-1.0353944302649754,2.592278569575909,0,-6.079990774413817,-0.39263648256416833,1
-0.23112374553129109,4.694792608864201,0,-0.1714575053451021,2.3198994737566863,0,1.8613426581285473,2.806169752479425,1,0.7104039934563324,5.624086294120854,0
-2.0885268079335,5.389126952368746,0,0.3739394145008595,1.993506399091657,1,-2.127084311754658,3.4152207976895297,0,-6.217280764551125,-1.016461135675321,0
-1.0023708825137612,4.675718699922759,0,1.0852430269664026,2.4740194136732474,1,-0.5851071095426826,1.629831077255374,0,-2.1564239787739314,2.5751818111806783,1
0.5657203131467355,3.2691700009346376,1,-2.715822903326203,4.109968051485944,0,-0.15708030844529827,1.3017825793751465,0,-4.478638244308086,-1.3283357795784192,0
-5.679239043678315,6.30240550132429,0,-1.1107117957648915,2.3770940206228124,0,-0.6683249832254421,1.9598473538905032,0,-7.273455389685308,-1.0610823529411744,0
-0.2556035255270395,3.021263698575504,0,0.37176469260524625,1.903260300176713,1,-0.15783407979312597,1.243136630249417,0,0.1419596712719974,3.257274229678743,1
8.007565077630456,9.711212283940577,1,-0.22997342006998775,3.219018449240009,0,0.979757297016607,2.591886337157292,1,-0.2898381423361049,9.493721404238938,1
3.834588037203193,6.960363430264906,1,0.3692431249478669,3.0651496778082326,1,-1.4584036040970245,2.9562562408787083,0,-2.7497474063957315,4.130707964601774,1
-0.3001226898202598,4.218903453967844,0,0.45357338867896885,1.3420893815042108,1,2.5831743313235056,3.852945347512647,1,-0.2431990182041347,4.040574268831194,0
-0.5604796060198748,4.847831069671981,0,0.294809899828896,1.3706356148792485,1,-0.0026134478754101164,1.2716953056996292,0,-3.4438725887502084,1.2876600169448993,1
-1.3951995833003912,4.012636280347177,0,0.1936241861471756,1.521038433692408,1,-1.014756748837113,1.8517265044849514,0,-4.322637906679973,-0.41547265608192985,0
-0.019152004218605807,2.79335846282407,0,-1.6970015460462835,3.120944097181517,0,-0.36559909866634566,1.3681144484134993,0,-3.275758671288519,-0.5235116574078137,1
-1.2457243297711065,3.444793782498216,0,-0.05678984322786037,1.6914763489435898,0,1.2183926432209,2.824036804759854,1,-0.8270294477706771,2.683581296727527,1
-0.7009153774806908,4.157138278919882,0,0.5280247319688611,1.8365887193243007,1,-0.013595168137817614,1.01070488768082,0,-3.0972661527255925,0.9863299673985769,0
-0.9422974748109532,3.6301207558178006,0,2.4939306606145655,3.70996379165131,1,-0.7697823455832432,2.5864652317345413,0,-0.9366402095332629,2.7285714285714318,0
3.076693294871362,3.9330733261040427,1,-0.5852571110110837,0.8962338970698617,0,0.01870372820466251,0.6660940625144159,1,-1.2475934917795377,2.6436673729432676,1
-1.5857072428353995,1.8638887102651596,0,0.3457683256340981,0.9081757169005465,1,0.5940867522997103,1.2383755722644862,1,-0.9255587992741448,0.9538494294879293,1
1.0529939858798874,2.424867079229495,1,2.8194317646429394,2.943947894788616,1,0.9323301959056085,1.9519627286177534,1,3.094370086559849,5.60420981888539,0
2.7783578367501165,4.644201414116668,1,0.29196234223345496,1.2216893750821471,1,-2.4829815532005863,2.9614985105458684,0,-4.096913065463008,0.3585726839087778,0
-2.715140590870978,4.397997756526411,0,-0.7243534810432795,2.0867168170949175,0,5.099133377079312,5.212269528605171,1,0.4369878265288778,5.033955093089134,0
3.508687058563351,6.73570989232747,1,1.9740411502024122,3.4180543382997373,1,0.9206596014566881,2.307786734318098,1,2.6415717351824335,9.702552917982917,0
-0.008346897041025,4.398814740620175,0,0.08348290687481738,1.3649455274032642,1,-0.5964048880176837,2.2521583183884553,0,-4.466112916817142,-0.2472032513512381,1
1.8783654046833913,3.522978670117294,1,0.6961221899185127,2.2562548626182384,1,-0.41886945912972756,1.4884099227328182,0,-0.03270779672104338,3.5401228033029857,0
0.14331927439498793,2.452807010359936,1,1.7866633958869944,2.8333128909603826,1,-1.6751697264291165,1.8800465994456272,0,-1.4738955823293174,0.9546932225011316,0
-0.5682979680281287,3.646919334396337,0,-1.151126459463904,5.175957901660911,0,0.4078744745494652,1.735547509052316,1,-4.346784816189678,-0.8153636024998965,1
-0.8797895083045552,5.878967275119225,0,-0.23233622370659254,1.8130523171389454,0,-0.5360259286960858,1.0554308983628355,0,-5.005552911312074,0.7064166176099571,0
-0.9791312284777828,2.3938928764054266,0,-0.3226211924414463,2.886831189508526,0,-0.6388970619141693,1.5426001429111849,0,-2.3711340206185567,0.008448443374308284,0
-2.208069719696652,5.329534503708048,0,0.28696248072640057,0.9636799725886585,1,0.3969609014854021,1.0372204200102442,1,-3.599476439790576,1.691404901622368,0
-0.6296042487579235,2.098680829193079,0,-5.532080027595723,7.752673335632977,0,-1.8435703203431595,2.947887195400201,0,-8.684779383715508,-6.748041379907371,0
-10.137116246981718,10.421697136943774,0,2.240882917466411,2.6727447216890594,1,-0.1641805047377803,0.9053382118397598,0,-8.369968106197742,2.2853019004089488,0
1.4683301343570057,2.8742802303262955,1,0.4018912529550827,1.2009456264775413,1,0.7337033204778478,1.6790518295550747,1,0.49138899288655935,3.389667292599548,1
1.7210401891252953,3.3475177304964543,1,-1.9565924617744108,2.1239020309522703,0,0.3744785741372772,2.071482745544179,1,-2.5897694921480396,0.68343616516374,0
-0.4926337314681415,2.9232699725798206,0,-0.45318632031396006,2.658381610913848,0,0.5397033977848695,1.206119767223578,1,-0.8546214584300975,2.1290847327879048,1
0.541954774808447,3.6114744907493925,1,-0.9942851832922919,1.8956465176787622,0,0.511281016933252,1.3180730803508607,1,-0.8213362864525656,2.847026173501124,1
-0.7015750592389537,3.484644333968313,0,1.7880546714098482,2.0454970979217375,1,-0.48742355267393206,1.1036004966202235,0,-0.982093915585602,2.5305079935673067,0
0.9689196779629283,2.312301067215877,1,-0.41763341067285387,1.2900232018561486,0,1.5521581057145521,3.4958515894471893,1,-0.7976894512446706,1.501008490079272,0
-6.0324825986078885,8.125290023201856,0,0.1482066989427922,2.129236241478115,1,-0.6214243440520812,0.8236338528309332,0,-7.654320987654321,0.38272279934390374,0
-0.9732239897243357,3.013536211836775,0,0.059868289762522446,1.0676511674316502,1,-0.588293947552099,1.0469638049655998,0,-2.1495877502944643,0.8701811190933927,1
-2.429654759529036,3.158052284973059,0,1.6810587093148026,1.9671963619641308,1,0.4524204494043131,1.3371537726838587,1,-1.2847859516841114,1.9153948581378675,1
3.735118287261765,4.384037606662919,1,0.6798029556650247,2.251231527093596,1,-0.4010564413577227,1.1004597476278979,0,-0.31839333823169236,4.054814133046991,0
-2.3694581280788176,5.039408866995074,0,2.162734422262553,3.367614438394838,1,0.25176482203682676,1.4266673248753516,1,-1.3025516403402189,3.8614975450081834,0
1.124218592458157,3.367614438394838,1,-0.7531547708115118,1.9552097361464411,0,0.39718451483157363,1.5032679738562091,1,-2.4158125915080526,0.8727676319241247,0
0.39403461519277766,3.1373135817247744,1,-0.08443848408086227,1.6788357423136144,0,1.3180800795821936,2.0442675951255906,1,0.4158004158004158,3.6427732079905994,0
-0.8642527194158844,3.36760542393086,0,-0.6766917293233082,1.4486215538847118,0,0.10093363613424174,0.6813020439061317,1,-2.8620352250489236,0.4706001416860642,0
-0.5513784461152882,1.9348370927318295,0,-0.9778225806451614,1.1794354838709677,0,0.9378185524974516,1.748216106014271,1,-0.8826609484865108,1.0626938526465652,1
0.8417338709677419,2.2127016129032255,1,-1.299090636554412,1.8636954132107524,0,-0.04050632911392405,0.8860759493670887,0,-1.4581772784019975,0.7505360972122944,0
-1.099230538622964,2.0835415209353454,0,0.5759321006365565,2.556330201071032,1,-0.2963483851524436,0.8890451554573308,0,-0.967532791381976,1.1357848629927676,0
-5.07729615034859,7.638678387390119,0,-0.010633772862611655,1.7492556358996172,0,0.21805031112056586,1.0902515556028292,1,-6.927307863832318,0.6106379559697895,1
2.4883028498511273,4.870267971076138,1,-0.6631780736749391,1.6734884202891043,0,-0.2660545672700715,1.9093327768793367,0,-1.5881990131578947,3.274002157497303,1
0.10880265271229471,2.233044919952334,1,6.757386040254566,7.724944378330832,1,1.5601531081932265,3.008866708658365,1,8.409581577053563,10.865794038795142,1
10.57587830496197,11.936668908780462,1,-0.3696598193814047,2.3489775864489264,0,-0.10332034001784624,1.0050251256281406,0,-1.3512262841277185,10.438791897632491,1
1.4084507042253522,3.2239951335922514,1,-0.2215759590084476,1.500253889119697,0,-0.1989451281576756,0.9392060701397243,0,-0.8480792151829101,2.3857988165680473,0
0.7939805197802706,2.358860730277432,1,1.7036087195457044,3.594980765708005,1,0.6665465681859124,2.139254188434516,1,2.2129760870559188,4.658239700374532,1
2.5874702326433416,4.21322586554314,1,-0.5090194677621004,2.5227719235577784,0,-4.1653575115579695,6.782171551685444,0,-4.883255503669113,-0.8254115464873637,0
-9.908019289158778,13.033577424540097,0,0.27261462205700127,2.2899628252788107,1,0.42971451150844614,1.664526326187889,1,-10.811641280014046,2.295841305004531,0
0.2874845105328377,4.4758364312267656,1,-0.07910610105804411,2.4720656580638782,0,-0.9104403760514597,1.177634834240475,0,-1.96336353892624,2.5480303725220406,0
-2.6451102541283498,4.607930386631069,0,0.17255379618351604,1.3753552578156718,1,0.12662715899306082,1.3979638352833916,1,-3.6315583398590445,0.9743589743589745,0
0.4973609419407227,2.8268371904181895,1,0.19694980305019696,1.4644985355014646,1,0.15119443604475355,0.7761314383630682,1,-0.155880726102479,2.7211588204862904,1
1.5755984244015757,2.1714978285021713,1,-0.3082123682640684,0.9992046132431894,0,-0.4935440450670522,1.6202203499675956,0,-0.9461534651013028,1.2096978286177051,0
-3.4649035593557365,3.8427122688407236,0,-4.892367906066536,6.390977443609022,0,1.5432098765432098,2.6478232618583495,1,-6.417776894014715,-2.677971359148012,1
0.6179833144505098,7.251004222885982,1,-0.8651138981315587,2.308676734067059,0,-2.4984513731158375,2.9217427214536444,0,-2.830428375425581,4.657654206118987,0
-3.3631942667007935,4.69413872536473,0,0.36552418286804045,1.721671875827727,1,1.8103129783079115,2.54921623476012,1,-1.9557909748395639,2.8476785809691725,0
-2.1772527414313716,9.244053610213488,0,2.6167515440459423,3.2343699209015058,1,0.8979031320973961,2.1021496857339037,1,-3.527283690081399,5.744341025499807,1
5.119731281829018,6.354968035540145,1,-0.9582195662253361,1.457936221729947,0,-1.0612287364095094,2.288924725589138,0,-3.3007522644695766,2.8745644599303137,0
-0.6027510174643244,4.93534593787028,0,-1.5240267482245606,1.9594629620030064,0,0.784623486045287,1.4375987361769351,1,-1.7187419834795548,3.3615712512814975,0
-1.9179928464050593,2.5504121092737546,0,0.9514244938950261,1.0994238596120303,1,-0.7696335078534031,1.198952879581152,0,-1.180796519757626,1.4029866609980337,0
-0.5761403879697659,2.8859876314815796,0,0.5635599978733585,1.3504173533946515,1,0.7613810606461164,2.6701210807381166,1,-0.46918986549890523,2.4468770122343853,1
2.2170237652187783,3.312244138444362,1,4.934227629594967,5.994904591067436,1,-0.2081062332771777,1.4616985432563672,0,4.950033656086574,8.44836811128946,0
-0.8215047054541673,8.105859720272448,0,-1.5719151165837046,4.034582132564841,0,1.9805142948410797,3.311505084384816,1,-6.398115892252589,1.354797577303156,1
1.7186271941315168,6.85878962536023,1,-0.2730129294802452,1.766857260598568,0,-0.3305272943242266,2.2052367918194498,0,-2.862923621648963,4.0247007204376795,1
0.9220625354144131,4.007623757276052,1,-0.08166181799622314,1.9343643137855355,0,-1.6752643138056083,2.477143878645488,0,-1.716760061130922,2.3392743475493316,1
-0.857449088960343,5.200837033634461,0,-0.5407075544569752,1.1329110664812811,0,0.18121569845707777,1.1597804701252978,1,-4.382529373853552,0.7048872180451128,0
-0.5510067459704413,1.59637468458726,0,-0.10359473738734072,0.7976794778825236,0,-0.6948045214144976,1.2910919838224617,0,-1.7296243071237938,-0.14081568791071242,1
-1.3208329016885942,2.4033979073863048,0,0.7135362014690452,1.7156348373557186,1,0.27611357124251107,1.0784058348528263,1,-0.7063676205207527,1.7273255506840632,1
3.0220356768100736,3.882476390346275,1,1.701217338155147,2.424489380125299,1,0.1451814768460576,1.667083854818523,1,1.3644433172711132,5.317523056653491,1
3.6163602098507615,4.950848061936535,1,-0.5456422356584574,1.3911419161382295,0,-1.6361838853188333,1.8487394957983194,0,-2.1789046851336167,2.697850951428425,1
-0.8897409428304576,3.1018040603647443,0,0.3124844997767968,1.4533009275333564,1,-0.7268591772151899,1.3696598101265822,0,-0.815083963468526,2.356219913858627,0
-1.0416149992559893,2.8917216407916273,0,-0.13026052104208416,1.1623246492985972,0,-1.5652435659459187,2.9749661365574673,0,-4.078837971340539,-1.2635924285138944,0
-2.1442885771543083,3.6122244488977953,0,-0.1587057799621154,0.9931910100854964,0,0.020508613617719443,0.4716981132075472,1,-2.682489030714001,0.9464701318851823,0
-0.5785081656683561,1.8686325705216813,0,-0.025745327223109002,0.6693785078008342,0,0.4120313143798929,0.880716934487021,1,-0.6165919282511211,1.2669401318863909,0
0.12357757067092323,1.4417383244941044,1,-0.11319201481786376,0.8335048363860876,0,-0.15967858246626146,1.5504275265272485,0,-0.8875739644970414,0.5485406748085283,0
-1.569252932702202,2.551965424984565,0,-0.26135591448434475,0.8833829909570854,0,0.17820640494784842,1.2002725509722731,1,-1.966709346991037,0.5885753323874087,0
-0.37635251685745646,2.153572735351001,0,0.27280835213262683,0.8813808299669483,1,-0.19358551771045887,1.213833516454769,0,-0.9966260057098365,1.166923036121572,1
0.5036461885525418,1.3745343895913122,1,-0.7725635537923474,1.1275251866158584,0,-3.661423536219685,4.476826766268609,0,-4.394404285194238,-3.073759687878948,1
1.1484052826643003,6.895651719997913,1,1.3987818726127799,3.107257148756065,1,0.3870047866381505,1.665139016193095,1,1.5689089417555373,8.947918385304956,0
-0.9961804480231238,4.459585010839269,0,-0.06776480400333612,0.4743536280233528,0,-0.2190923317683881,0.7720396452790819,0,-3.8953226049029928,0.455903159880522,0
-0.6150959132610508,1.2458298582151794,0,0.3250838926174497,0.5138422818791947,1,0.047036688617121354,0.4964983798473921,1,-0.4888449737375839,0.7635597682991049,1
1.006711409395973,1.8770973154362416,1,0.18689648011629115,0.7943100404942373,1,1.4715025906735753,1.8186528497409327,1,0.4890604890604891,2.37583259033933,1
1.4795971342539715,2.6580832727650296,1,0.6343684452857216,1.0947971555737452,1,-0.11185682326621924,1.016880211511084,0,-0.18808458723058155,2.479123173277662,0
-1.0896812810149896,3.0746406098122474,0,-0.5639194991980961,1.0140203838791453,0,-0.2289758534554538,0.8638634471273939,0,-2.700507614213198,0.36127545944813866,1
-1.0502353975891148,1.4382534016245019,0,0.07841907151819323,1.5161020493517356,1,0.07833716315019845,0.9139335700856486,1,-1.1004339739615623,0.3407065730160394,0
-0.4443747386030949,2.2323295692179004,0,-0.06826655463950008,0.6826655463950008,0,-0.4099006779126596,1.9969520206001365,0,-2.394002068252327,-0.1903452651615291,1
0.6406553589245392,3.0719949587775037,1,0.005217572785140352,0.3287070854638422,1,0.3443598038192633,0.532192424084316,1,-0.3065731358794492,2.8188638799571275,1
0.20870291140561412,0.6887196076385266,1,-0.22907122032486466,0.33319450229071224,0,0.0,0.5739929033604676,0,-0.4987012987012987,0.1883042159221676,1
1.9054560599750106,3.175760099958351,1,-1.2923988557417245,1.6704127503064978,0,0.10866190624029803,0.7865052261202525,1,-1.6100360607445783,1.5357199014623408,0
-1.246424192889252,2.140375970576216,0,-0.11897372232567763,0.6052141527001862,0,0.39361922519163045,1.0047648643049514,1,-1.306922605676945,0.8503312640200325,1
3.905441754603766,6.1866335609352365,1,1.288813694267516,1.6620222929936306,1,0.5649717514124294,2.5497420781134856,1,0.6415907532569302,6.903548017896161,1
3.378781847133758,4.727308917197452,1,-0.3177507101246931,1.2324876029079006,0,-0.0386286817962337,1.4196040560115886,0,-1.3563677898343804,3.3147243545010467,0
-2.2868422319580186,3.1871359106446486,0,-1.0445922641044592,1.3057403301305741,0,1.3046509311821533,1.867343890050792,1,-3.1477577615944807,0.024740227610094014,1
1.4979058881497906,3.6560729243656076,1,0.8982326665371916,1.204117304330938,1,-0.12993262752646775,1.992300288739172,0,0.13493975903614458,3.848460615753699,1
1.0924451349776656,2.4859195960380656,1,0.1440922190201729,1.0566762728146013,1,-0.8007672021098058,1.169983217453848,0,-1.6272891166144796,0.8217446270543615,0
-0.9221902017291067,1.9500480307396733,0,-0.3926130580194852,1.1536038001066358,0,0.6715655263029832,1.8151734877609615,1,-1.0940709951746213,0.8623629719853837,0
-0.644660947118414,2.859774126314769,0,0.49773093251354117,0.9905821500024399,1,-0.3156259104593571,0.9857239972807614,0,-1.3968223491575866,1.4770537963740553,0
-0.06343629532035329,1.6932611135509688,0,-0.263671875,0.9912109375,0,-0.1028101439342015,0.9154998531283659,0,-1.3877472075818384,0.29507229271171437,0
-1.591796875,3.6474609375,0,0.7443429932512902,1.315005954743946,1,-0.7337732689845367,1.452772579533143,0,-3.3362176713777525,0.2642732485664423,1
0.28285033743549026,1.7268757443429932,1,1.9892127270028204,2.4691968924736503,1,1.2566105477657563,2.372519528407161,1,1.8148820326678767,3.5830131244074055,1
4.671186105200653,5.472809144440595,1,1.1251891074130107,1.8154311649016641,1,-0.6171396512225911,0.8322034690728879,0,0.06106153123532175,5.543995243757432,1
0.7044251134644478,1.8154311649016641,1,-0.483590778909808,1.0000469505610592,0,0.14625401019060202,0.5850160407624081,1,-1.1316537046523543,0.6685950021338138,0
-1.8404619935208228,2.1832010892530165,0,-1.2584334178668837,2.148428154457151,0,0.4313269361248425,1.0613550450712417,1,-2.8178243774574048,-0.6555337575960573,1
-1.4785396430451216,3.205895018900426,0,-3.8269146714584044,6.400854742363168,0,-0.6766993233006767,1.0503989496010504,0,-6.3550071191267214,-3.2794117647058822,0
-9.912097518333253,17.2648244378612,0,-1.5798554944462417,3.1597109888924835,0,-4.207297030787773,5.417990577407691,0,-14.882190720402535,2.798878111487671,0
-14.391243394802114,15.938746899600991,0,5.113207547169811,7.754716981132076,1,-1.6153155848040681,4.415195931797786,0,-11.464385625134495,5.277635619242579,1
10.383647798742137,15.10691823899371,1,-1.11693640300889,4.746979712787782,0,0.4380908462070556,1.7293059718699562,1,-4.308539944903581,10.287020574041147,0
-3.082972418509232,7.129017551857762,0,-1.4336075205640424,2.608695652173913,0,0.02384074383120753,1.1801168196447729,1,-4.624539529611789,2.6534097840673416,1
-1.3631022326674502,2.608695652173913,0,-0.2740052418394091,2.0252561353347627,0,-0.9499342812761382,3.2680129047675948,0,-2.7618154098745165,-0.1625526791089705,0
-2.84727186085299,5.819633071241363,0,3.085889570552147,6.539877300613497,1,1.820020222446916,2.8549336822696723,1,-2.6102088167053363,3.2404845354485645,0
1.7730061349693251,8.257668711656443,1,1.4590618593994935,2.357409863740504,1,0.4159733777038269,1.4915616829094365,1,-1.8213660245183887,6.550937658388241,1
1.736404196310141,3.5210418425177856,1,-0.32,1.3866666666666667,0,-1.3792283455204803,1.9261637239165328,0,-2.690845276396607,0.7510144751983526,0
-1.3096296296296297,3.6088888888888886,0,-0.36625637946562595,1.8673071149804863,0,-0.6387466104248267,1.1208195239529979,0,-2.4087161366313308,1.2216724696108971,1
0.1861302912038427,1.8733113179225456,1,0.3116198238149458,1.7438724755797927,1,0.274807336161061,0.9319553139375112,1,0.24515666108586462,2.1508652205703145,0
-0.02397075567807275,2.582848924312339,0,-0.5754360726488041,0.8571599832164479,0,0.25925479319908357,0.5486554925841071,1,-1.9680631665782804,0.5864570737605804,0
0.04195888029730864,1.5045255649463525,1,0.095883022712291,0.49739318032000956,1,-1.1070552330800072,1.585781820357848,0,-1.7858205845586048,-0.2961082910321489,1
-2.582848924312339,3.3618984838497035,0,-1.5323076923076924,2.4,0,1.1685309004561644,1.84965319002687,1,-3.843395098625224,-0.5071432989053126,0
-2.9784615384615387,4.861538461538462,0,-0.13962048613314718,2.024497048930634,0,1.9316304485957554,2.9546321006481127,1,-2.802876636548036,2.1577621293365206,1
2.7924097226629434,4.239385669861014,1,2.1976665226248535,2.8211618001111183,1,-0.3442028985507246,0.8695652173913043,0,1.2959891898532032,5.629923781464165,0
2.493981109945058,3.0680906228779556,1,0.07834156924189466,1.5547788357237555,1,-0.4395472061657033,0.8008188824662813,0,-0.7388718688051901,2.3157894736842106,1
-0.018078823671206463,1.970591780161504,0,-0.8379046356019049,1.5974440894568689,0,0.2674609446234271,0.9786639110084493,1,-1.7100637549901685,0.24307243558580457,1
-0.48827536319247694,1.5974440894568689,0,0.38762037429592394,1.1083520077524076,1,0.08445945945945946,0.4041988416988417,1,-0.16863406408094433,1.4505171675133117,0
-0.34522439585730724,1.8048573678153959,0,0.6686523615585679,0.8206188073673333,1,-0.07245939254875913,0.3804118108809854,0,-0.773149535510938,1.0313053029840729,0
-0.16412376147346666,1.124551698984864,0,-1.2545676004872106,2.5883069427527405,0,-0.27752081406105455,0.5673758865248227,0,-2.5019593657683727,-1.402268016095598,1
-1.2789281364190013,2.8806333739342262,0,1.548904659055847,2.5609379821042886,1,-0.04860562610122122,0.6257974360532232,0,0.024276263882988407,2.9805048737815545,0
1.4131440913298365,2.634989200863931,1,2.7316420271339052,3.905822230334002,1,0.017767249037607343,0.882440035534498,1,1.5064432210055054,4.1982362439448515,1
4.459451238060473,4.82448135304496,1,-0.5592450192240475,0.9553769078410813,0,0.39254745722990386,0.5917506444808999,1,-0.4877199094234454,4.315276932440657,0
-1.1010136315973436,2.248631014796691,0,-0.08836003770028275,1.0367577756833177,0,0.41860739343199105,0.9374447261364306,1,-1.2463768115942029,1.0139943074003794,0
0.7009896324222432,1.7789820923656927,1,-0.7370576191868967,1.2693770108218778,0,-0.029468969175458243,0.5127600636529733,0,-0.8010758975558415,0.9821428571428571,0
-1.222579701667154,1.6496051477040072,0,0.6632713490465474,1.0600497453511784,1,-0.30001764809694687,0.7823989646449792,0,-1.0903790087463556,0.5631965852501778,1
1.350230960559043,1.8299182754944923,1,1.1979197101618653,1.951732600946649,1,-0.2482965700427301,0.9238942141124841,0,0.3547542890375109,2.1911642781002016,0
-0.8473090632852218,3.1496523111085137,0,0.21805752003771806,0.8074021687883074,1,0.047044986768597474,0.7115554248750368,1,-2.417039843839706,0.6990935481959831,0
0.7013201320132013,1.1020744931636022,1,-1.8781814990345795,2.3111579193727696,0,0.5308678795108858,0.7217417238294065,1,-1.7835214314952341,-0.6976469197114816,1
-1.4920133403545726,2.3111579193727696,0,-0.07126737142178406,0.5701389713742725,0,0.023769907297361538,0.8497741858806751,1,-1.7395365127546554,0.5795889101338432,1
2.322128518826464,3.3376885615868863,1,-0.07545417609843869,0.5572000696500088,0,0.08131970260223048,0.958410780669145,1,-0.21970397779833487,3.1313493486315283,0
-0.5862209066109467,1.6251668698125252,0,0.15762741549419115,0.2919026212855392,1,-0.023315458148752622,0.40802051760317093,0,-1.1179623119921627,0.5037193229075149,1
-0.005838052425710783,0.7180804483624262,0,0.33278841662774405,0.42620270901447926,1,-0.09892347977887694,0.22694210066918824,0,-0.3309527956801951,0.3859649122807018,1
-0.21602055114432506,1.0742643624474544,0,-0.9421265141318977,1.2171572356486628,0,0.2599243856332703,0.5671077504725899,1,-1.7319277108433735,-0.6733021077283372,1
0.7022060974896132,2.1007665749897595,1,-0.2614151272220286,0.8481468572092483,0,2.46956724328732,2.9995922884268156,1,1.0846867749419953,3.2344055446952193,1
3.241547577553154,5.8847449750203324,1,0.1969500872207529,0.5289516628214507,1,0.6121875877562483,0.9604043807919124,1,-1.0659449906108474,4.7972854384835895,0
0.1800686511732598,3.9727646165100445,1,-0.6346175446478715,1.5781197349208131,0,-0.8362999378425723,1.2714019325309376,0,-3.7337397267729817,0.11320541121865625,0
-2.493541502864203,3.1730877232393575,0,0.8294453084499741,0.9964863775128161,1,-2.902193784277879,3.364945155393053,0,-4.598666890718647,-1.4807959278111986,0
-4.193306837163758,5.489315131616842,0,0.6732792305380222,1.021941689209498,1,-0.429902077860043,0.48363983759254836,0,-4.724679029957204,0.7542843350229302,1
0.8776675683799218,1.1902614968440035,1,-0.1728247914183552,0.4886769964243146,0,-0.13730523550832785,0.5253417706405588,0,-0.41681552935572225,0.7712701855868884,1
-0.18474374255065554,1.0369487485101312,0,-0.09555661729574773,1.0451505016722409,0,-0.005978000956480154,0.4244380679100909,0,-0.6112759643916914,0.4257615735188295,0
-1.7797419971333015,3.1175346392737695,0,2.213977251991971,2.8526245362204246,1,-0.005947071067499257,0.4936068986024383,0,0.06541778174249183,3.27134352175781,1
2.7796362751657444,3.91703667660118,1,-0.46156577312266994,0.8343688975679034,0,0.0772843469472683,0.4993757802746567,1,-1.2026281825648246,2.6765028655042067,0
-0.44381324338718264,1.1835019823658204,0,0.047553944005230935,0.3744873090411936,1,-0.17230111104509535,0.3683678925791694,0,-0.602872510195638,0.5861594592978049,0
-0.011888486001307734,1.741663199191583,0,0.16645859342488556,0.6361096248736698,1,-0.06528189910979228,0.3798219584569733,0,0.04744114333155429,1.8165359082679542,0
-0.24968789013732834,0.9868616610189643,0,0.41122832111568036,0.41122832111568036,1,-0.1365147198480532,0.20773979107312443,0,-0.5675100496571294,0.417910447761194,1
0.3575898444484177,0.41122832111568036,1,-0.0772017340697191,0.2494209869944771,0,-0.023772732675621064,0.07726138119576846,0,-0.15432098765432098,0.25627272185469935,0
-0.06532454421283924,0.7066927964843518,0,0.09507962918944615,0.5229379605419539,1,-0.005936479667557139,0.23745918670228555,0,0.03560830860534125,0.7471161317315164,0
0.5288804373662943,0.7844069408129308,1,-0.2895981087470449,0.6442080378250591,0,-0.24894789876118784,0.40305850275620886,0,-0.7263922518159807,0.05356823998571514,0
-1.3002364066193852,2.2044917257683214,0,-0.3353494221210851,1.071920474279897,0,0.012017064231208316,0.3004266057802079,1,-1.8513059371499323,0.355678803954666,0
-0.9521528235223666,1.8384334391280917,0,0.04836759371221282,0.562273276904474,1,0.3806646525679758,0.7009063444108762,1,-0.9658955401860243,0.8806559368357121,0
0.532043530834341,0.9915356711003628,1,-0.9441905220110658,1.2448881404859273,0,0.03642544924720738,0.38853812530354537,1,-0.9789789789789789,0.006065752759917505,1
-0.15034880923743082,1.8823670916526343,0,-0.25900493916395617,0.45175280086736536,0,0.11474815799009541,0.2596931996617949,1,-0.4804804804804805,1.4262104425537123,0
-0.4457294301891338,0.9396458258041199,0,-0.07864488808227464,0.3024803387779794,0,0.1574135738935642,0.3753708300538839,1,-0.4330306128586035,0.509987250318742,1
0.514216575922565,0.7622504537205083,1,0.6199217574480891,1.1676196208245562,1,-0.023929169657812874,0.27518545106484804,0,0.5775478281795211,1.345780795344326,1
0.3490821546795065,1.3842913030394222,1,0.3539716822654188,0.671946244300456,1,-0.07174030011358881,0.2929395587971543,0,-0.4767012275056608,0.9062348960850652,0
0.011999040076793857,0.9659227261819053,1,1.1635578480177533,1.463443891321298,1,-0.27865061955297327,0.7707357562103515,0,0.2266491709411905,1.198434206564288,1
1.055598872428477,1.9912433275355363,1,-0.172137472547041,0.47486199323321665,0,-0.07135212272565108,0.27946248067546675,0,-0.9656146961846443,1.0088878212827288,1
-0.12465127322371936,0.688549890188164,0,-0.24961369309402115,0.5170569356947581,0,-0.548141086749285,0.6732602478551001,0,-0.8890996384328137,-0.20292450014920918,1
0.736954712944253,2.1098300249613695,1,-0.0294967848504513,0.30086720547460327,0,-0.14162634249970496,0.24784609937448365,0,-0.6343984962406015,1.4817925490431338,1
-0.035396141820541564,0.40115627396613773,0,0.023604390416617493,0.2242417089578662,1,-0.11208778243171494,0.21827620789333962,0,-0.29455081001472755,0.10646477790264387,1
1.0208898855187065,1.4634722058302845,1,0.46134080822237794,0.8292455033870592,1,0.3720497616556214,0.5290082548540866,1,0.4894249257122881,1.962754951226722,1
0.32118663863583274,1.6643307638402245,1,0.12225650579262969,0.48902602317051874,1,0.22093023255813954,0.5116279069767441,1,-0.983154142471109,0.6663549216740706,1
1.5660476218198753,1.9968562612796181,1,0.005731315910132966,0.7622650160476845,1,-0.13754369877929967,0.35532122184652415,0,-0.40594625500285875,1.586283314865574,1
2.76249426868409,3.8629069234296196,1,1.0530421216848673,2.5573880098061066,1,0.24815264144700563,1.2848792323811624,1,1.5395731436193862,5.491396235131077,1
5.042344550924894,6.702696679295743,1,-0.14852535539995756,0.8911521323997454,0,0.23900573613766732,1.24282982791587,1,-1.3027100554567332,5.326335771313718,1
5.723530659876936,6.741990239762359,1,4.8404895666131615,6.781701444622793,1,-0.1244019138755981,3.7177033492822966,0,4.602070931919363,11.70405982905983,0
5.136436597110754,6.781701444622793,1,-1.0638805400505702,2.1850102571442203,0,0.004822298307373294,0.8342576071755798,1,-2.5886007436343954,4.031163608946971,1
-0.36257812127284,2.3996946710557703,0,1.1446908376837972,2.998227884477226,1,-1.3258203513423932,2.026611108480515,0,-1.1495344860345809,1.2701347997469463,1
1.484745437999904,3.9369701614061974,1,-0.23128481072406307,2.048522609270273,0,0.4588892042766582,1.2016274008893935,1,-0.9274794929157346,3.0192885528738977,1
-0.24544510525818936,3.4503917681487777,0,0.8232399697199091,1.2395912187736562,1,-0.26277509267514426,0.6991694430106518,0,-1.5328331944058535,1.9172698077937016,0
-2.204769114307343,6.093868281604845,0,0.6431956668923494,1.0204081632653061,1,-0.2449332436845644,0.7780232446450869,0,-4.227108934676153,1.8322035563414873,1
1.9731115194893123,2.5679466099235904,1,-0.5454114299264881,1.6646905382973678,0,0.49599389545974815,1.1064479206409767,1,-0.420108567382582,2.1400213033794904,1
7.555133981503438,8.921033910362818,1,-0.10145566828407587,1.5350683722981915,0,1.4350686625160065,3.099748311034574,1,1.3186813186813187,10.45090804542623,1
0.49845610939567714,4.058226731363035,1,0.4826466587688123,1.5488570049580974,1,0.017467248908296942,0.9825327510917031,1,-2.1102645321462203,1.9026824703680598,0
-0.3246895704444737,3.3434250361984996,0,-0.035229874933943986,0.8939580764488286,0,0.7663510240035235,1.316890552741687,1,-0.671693534408043,2.7202653042932687,0
0.9423991544830016,2.827197463449005,1,0.5802286013436873,1.2477096239420644,1,-0.4466996270274959,1.3531095498308614,0,-0.837398023050028,1.9889012208657046,1
-1.2433470028793299,3.005845912224064,0,0.3975967485421453,1.9172998763032338,1,-0.16726088296139793,1.1136053523482548,0,-1.990328987134099,1.014550794286477,1
1.8466160098957414,6.542675384343524,1,-0.3512118978450332,1.456878983653471,0,0.4701580253362936,1.240694789081886,1,-2.863741339491917,3.577505149100027,0
-0.2298053158739106,1.8037549321423925,0,0.3128938333840337,2.4249272087262614,1,-0.6585503227763095,0.944499805034444,0,-1.4904217850700112,0.30175806874836003,1
0.3128938333840337,4.167572030767894,1,-0.3595875574040378,0.9574560263408716,0,-0.3130570894386712,0.5652419670420453,0,-2.293617021276596,1.8632713721662748,1
-0.2122866302746729,1.2693874014383502,0,0.7858972688984411,2.2448004863010724,1,1.6629329657073928,2.1152851973117355,1,1.2895156768879112,2.585830348562942,1
3.1045113108419087,4.224740567061787,1,-0.416877210712481,0.9306046824995788,0,-2.199382481072622,2.990314257919892,0,-3.6695332721048675,0.4090335494538967,0
-3.8613778002358092,5.453090786592555,0,0.6351013972230739,1.143182515001533,1,-0.38285838590385035,0.7570154448553404,0,-3.7522584982562295,1.78634909349449,1
1.296482852262275,2.6017257237965925,1,-0.23774530993343132,0.7218812137978733,0,0.18206250812779054,0.897308075772682,1,-1.132172570546359,1.4522091181130081,1
2.597907841272586,4.504192962738826,1,0.22328951803168182,2.4688237276710483,1,0.05044136191677175,0.4077343421605717,1,-0.020999580008399833,4.554638088545327,0
-1.0026963262554769,3.711661611054937,0,-0.21699357528826108,0.7275666936135812,0,0.18756927274277432,1.018842186034615,1,-3.009316514139665,0.6459340377293921,0
-0.2935795430370591,2.1571714249244778,0,-0.3757311814183852,0.8283164681268946,0,0.8957270818154546,1.238589122701753,1,-1.2858889497870907,0.8702395312769257,1
-0.38854019896673925,1.3492165150932922,0,0.2529149519890261,0.8016117969821674,1,-0.9750256585699623,1.6934656175162506,0,-1.7895004664574676,-0.45560044700421215,0
-1.6760973936899861,2.8377914951989025,0,-0.2615290733153169,1.9614680498648767,0,-0.056803285851612345,0.8214629030848554,0,-2.287860679528769,0.5534569094263375,1
-0.7802284020573621,2.2012030337372503,0,0.6678089714863144,0.9929264970783358,1,0.2968006634367771,0.820566540089913,1,-0.5227233454294107,1.695888354016694,1
2.1571987171038183,2.578972804358332,1,-0.03871633829476039,1.0969629183515444,0,-0.7186814132633301,0.7488057838791582,0,-0.9640928957065731,1.5911388510395148,0
-1.226017379334079,3.2392669706616193,0,-1.2410189418680602,2.7215327672545175,0,0.052912385907667885,0.9171480223995767,1,-3.0846025854345323,0.13224014810896587,0
-5.064228173307207,5.6738515131722185,0,0.5641425491904783,1.4034765857909461,1,-0.5428584462387664,1.0811550567948542,0,-5.564491588053732,0.10599078341013825,1
-0.7521900655873045,2.224464523230748,0,0.2912486708890019,0.5039064305857335,1,0.2535263206416521,0.8066746565870747,1,-1.0118966224531656,1.2258786240328143,0
1.095649761915769,1.3591604641486754,1,-0.30181086519114686,0.695079568319005,0,-0.009173470323823502,0.7063572149344097,0,-0.33783783783783783,1.018047200370199,1
-0.36125845985000915,1.9983537589171392,0,0.463515374024782,1.1656723267553923,1,-1.183026538162883,1.9138537432055909,0,-1.8111020556008333,0.17090858700170908,0
0.0,2.391005048187242,0,-0.02294630564479119,0.6241395135383203,0,0.2754188661923342,0.9318338306173972,1,-0.12330456226880394,2.311002994011976,1
1.9320789352914183,3.4281780633318033,1,-0.3917507204610951,0.6484149855907781,0,2.956466705845125,3.6481171737263236,1,2.092668937085499,5.6284482358941075,1
9.564121037463977,10.401657060518732,1,1.1630774289002137,2.5069866842018738,1,-0.17062766605728216,0.8003250050782044,0,0.9026011323541479,11.466642494561276,1
-3.3330593457175732,7.192174913693901,0,0.5230036567735351,2.2791053661025598,1,0.6852791878172589,1.5439932318104908,1,-5.520379897111199,1.5093537414965985,1
4.515690109703206,6.994642401564759,1,-0.22378646702201246,1.3345811124221834,0,0.3669874408742456,0.8196052846191485,1,-1.5631246501958902,5.3660832727117125,1
0.25633722586157787,1.7048459942222403,1,-0.2354087182401169,1.0755743160970859,0,0.4229877577581649,0.5978769268312523,1,-0.6554344766576863,1.0470347648261757,0
-1.3880996834158617,3.9451254160240277,0,0.9682336945325698,2.834658646120885,1,1.6565343343261658,2.427679627891795,1,-1.4414485962752652,2.5153855685432243,1
2.3567220139260847,5.174900086523011,1,0.6480698788391096,1.2277100189188102,1,-1.4997000599880024,2.9994001199760048,0,-1.8990365474958197,3.264604810996564,0
-1.581934548967516,4.367427444350521,0,-1.5746421267893662,2.4376278118609407,0,0.0249324745480989,1.495948472885934,1,-4.3960396039603955,-0.10345541071798055,0
-1.0715746421267893,3.59918200408998,0,0.8144534479907392,1.8852323466181578,1,-0.9268752819587417,3.494237788623221,0,-2.279970581024761,1.3647537509536323,1
-1.0294360840085992,3.9441045146353564,0,-0.43443752871882696,1.4202765361961653,0,0.31051991104024174,1.0700348285846166,1,-2.850752338348922,1.070401083093586,0
-3.1329629474915413,5.2592004678558,0,-0.28034158543948934,0.7763305442939705,0,-0.3892228517060935,1.249837823811789,0,-4.584645995688941,0.6691449814126395,0
-0.1078236867074959,1.919261623393427,0,-0.05611672278338946,0.7813174479841147,0,0.12524292809328438,0.738501403584539,1,-0.19814774930002155,1.7523056653491436,1
1.7094017094017095,2.633169299835967,1,-0.5730050933786078,1.2139219015280136,0,0.4821641918416112,0.8875234681686295,1,-1.178308978798885,1.4348881567539449,0
-0.2843803056027165,3.242784380305603,0,-1.1065242371366557,1.3448525343660893,0,0.7835371103840192,1.2140520061994144,1,-1.7538719129342821,1.4918273804376028,0
-1.536366344639741,2.3237008979869773,0,2.4799101356605893,3.4563207465652814,1,-0.33722547738481645,1.4627155081566412,0,0.555225904891074,2.9373481430059005,0
2.1083556554048215,4.104380886546272,1,-1.0071090047393365,1.8999661475964793,0,-0.1111681204036258,0.9235505387378143,0,-2.6677782409337225,1.3454861111111112,1
-0.7024373730534869,2.475457007447529,0,-4.69555583961822,6.293408325876689,0,0.05365046720615192,0.7108686904815129,1,-6.052709007607919,-3.6843919675945878,1
-4.729643359325067,6.293408325876689,0,0.013417415805715819,0.523279216422917,1,0.05813693484191225,0.2996288180313939,1,-4.642841930399966,1.759090909090909,0
-0.053669663222863276,1.033141017040118,0,0.13872108112945808,1.9689443773213406,1,0.23678684716079168,0.5673948979135951,1,0.11606624704254273,1.1592241768155165,0
0.3624647603705195,1.9689443773213406,1,-0.14714406741873634,1.0879743166718687,0,0.03572225943290913,0.3795490064746595,1,-1.108069927600212,0.8508914100486222,1
-0.08917822267802203,1.4580639407856602,0,0.0223074863924333,0.7450700455072723,1,-0.11595237033403202,0.4325915354769656,0,-0.8366533864541833,0.6198625522166824,0
-0.9547604175961453,2.7482823235477825,0,-1.0046402667027075,1.878632247601027,0,0.14107581687448803,0.851005734049331,1,-2.3816915775934713,0.36022069217089964,0
-2.2210208586745956,3.086002612965716,0,-0.05991611743559017,0.7512559340000922,0,-0.4611695259177273,0.7424829367275411,0,-2.9988776655443323,0.07874015748031496,0
-6.129879706871918,8.208508088675853,0,-2.0522388059701493,2.8328750981932442,0,-0.03006765221748935,2.1197694813329995,0,-8.664772727272728,-0.5488200369206206,1
-0.7266300078554596,3.9228201099764335,0,-1.2755858795609611,4.543656679521408,0,1.256633623710824,2.057674977470712,1,-1.1243126472898664,2.912770197761766,1
1.9380994759220807,4.850192821121329,1,-0.39291777831675967,1.1544991511035654,0,0.38497149261731883,0.7699429852346377,1,-1.6096579476861168,3.2423465540642438,1
7.606112054329371,8.794567062818336,1,1.6899504281207751,3.231185218566922,1,-0.2836753689996011,3.222374894729844,0,-0.45354528717050613,8.369182635901447,1
9.098693105002253,12.248760703019377,1,0.7434944237918215,3.4985543163981827,1,6.609266092660928,9.43009430094301,1,5.577219920383459,18.680365296803654,0
2.2304832713754648,10.173482032218091,1,1.014346332592443,2.88139017983431,1,0.4242036177365135,3.5216904113974703,1,-5.966155353710474,3.6560033236393856,0
-1.5235401091129521,5.386946857951101,0,1.358729116210336,2.122244571240918,1,0.19032192751569144,2.7252480259161773,1,-1.8596921615953783,3.60484544695071,1
2.8282911210541437,4.05566273962481,1,4.3431399944114,5.253283302063791,1,1.950958264794767,3.8521862208790787,1,5.892850061466471,10.210904288249619,1
9.640333719212805,11.43267733823001,1,-0.13107114250345883,2.3010267239496103,0,0.34998177178271966,2.0160408312067077,1,-0.8735351211445826,10.503326120060912,0
-1.769460423796694,3.8920847593388186,0,0.1852400711321873,1.6708654416123296,1,0.9651296084014348,1.8119291498724255,1,-1.6345046082949308,2.3027670648144682,1
3.9344991108476584,5.831357439241256,1,0.6694918272141306,3.9421673017342687,1,-0.41707903294217447,1.8839247843913474,0,-0.5584041581793917,5.260223048327138,0
-0.9472597129731848,4.757665325308928,0,-0.7515822784810127,2.2115937859608743,0,1.7851969872537659,2.9475666280417148,1,-0.9976546364686527,3.8595718115383204,0
1.380897583429229,3.8154487917146143,1,-0.046125461254612546,1.1779733181947205,0,0.7880724174653887,1.2921547745828896,1,-0.7088465452503773,3.130922875054673,0
-3.065569117229634,7.976156684643769,0,1.478770131771596,2.144948755490483,1,-1.002994552079951,1.5622181332756069,0,-4.776057506220624,3.2449040767386093,1
3.744509516837482,5.9699853587115665,1,-0.1128668171557562,0.9840575620767493,0,-1.3594152748843613,3.100173016489531,0,-2.814213338885419,3.01614742340089,0
-3.0297686230248306,8.24280474040632,0,0.10546605084191002,0.9782885405680619,1,-0.21798365122615804,0.7157129881925522,0,-6.436351259360109,1.6492253078430645,0
0.007273520747717933,2.18205622431538,1,0.16367802713417962,0.8002036882115448,1,1.4234358546061947,1.7502451069392497,1,0.49262855088097807,2.70856302829842,0
1.8586549303459061,2.7788891717891824,1,-0.5037153472420692,1.2432123463846814,0,-0.07903718340219149,1.0454463804562601,0,-1.6195910266860403,1.1182748697774378,0
-3.0365818805372964,5.394398399542726,0,-0.6521258566059981,1.4184658462898827,0,-0.19650007415097137,2.102180038558505,0,-3.8358703789526225,1.635205907840699,1
0.478962493552428,3.1943113993073466,1,3.0177471399237312,3.303754766793781,1,0.9321852985127731,2.141891411086601,1,3.4128080250054516,6.777498405073742,0
3.963772367263127,5.104136110296274,1,1.343773145698868,3.590448982470991,1,-0.5117137188011278,0.8076026038221882,0,0.010471204188481674,5.117763592339863,0
-1.1074665820195393,5.163474764575177,0,-1.0236838350691966,3.0068483378513338,0,1.997332083498576,2.271334318779969,1,-3.5858758998971547,1.508698476864217,1
1.5694107575973746,3.9948637466115,1,-0.12291052114060963,1.5556960247225735,0,0.021096304630638867,0.5485039203966104,1,-0.7398876208424947,3.297860748919478,0
-0.024582104228121928,2.033291192583228,0,-0.11591555727282307,0.5901155642980083,0,-0.5380882042625027,1.0410072448477175,0,-1.8774292059966686,0.13457520274816728,0
-0.9940637184305736,2.2937229969440445,0,-0.695553426310373,2.1185989566698606,0,0.8469125214408233,1.8653516295025727,1,-1.296244394618834,1.0146642286042091,0
-1.2881933354625785,4.506902303133539,0,0.7692307692307693,1.667864845434939,1,0.873845275885437,1.7619574134179832,1,-0.7857994808110573,3.8405052136877664,0
1.286843997124371,2.7354421279654924,1,1.2527503726311306,2.3706437646390803,1,-0.11915609448377375,1.352772131492255,0,0.4288677189158786,3.189337571335693,0
0.017744339555681738,3.4033643267797573,1,-0.926155920655761,1.0574500550015968,0,0.10744985673352436,1.2965616045845274,1,-3.026196928635953,0.3162850878769363,1
-0.461303715269153,1.689081295908591,0,-0.7093462607827761,1.1335281956227274,0,0.08977950154420743,0.7110536522301228,1,-1.021312812511082,0.6781372867294304,1
-0.4384401511370928,1.1442218578455836,0,0.6480254913894956,1.013211127421145,1,-0.38417757541263514,0.579823562891292,0,-0.39476491926879576,0.7554772097708387,0
0.13604955067845764,1.013211127421145,1,-0.08581235697940504,0.840245995423341,0,-0.071571714858288,0.4795304895505296,0,-0.7915099027472138,0.21512315800795956,1
1.330091533180778,2.542191075514874,1,-0.1551864000282157,0.867633054703206,0,-0.14129782048111908,0.46628280758769297,0,-0.8863508968609866,1.645528688966335,1
4.581525764469369,5.6607766373928685,1,1.6319924469771048,2.7683177664632295,1,0.17584605175846052,0.670205706702057,1,1.1145053543254222,6.872693726937269,1
1.986040395184948,3.2302660417439393,1,-0.7800363576268385,1.6889770285903156,0,0.6028711321320321,2.045098757619159,1,-1.2363041700735895,1.958334740183003,0
-1.1634440588332506,2.690464386051892,0,0.6384970248044395,1.1900782242428294,1,0.6278444008902767,1.0763046872404745,1,-0.6425597482214864,2.0815790360066018,1
1.658086514675403,2.4236143611686836,1,1.213376738680083,2.2557627174377695,1,-0.25995970624553194,0.890361993890947,0,0.10452734043248187,2.532704339389073,0
0.286080694485548,3.4000854953799613,1,-0.11804052724768838,1.0000655780706933,0,-0.02298095863427446,0.3250164149704531,0,-1.8527468986628,1.5299490016999433,0
-0.5442979867532297,1.2164732113581218,0,0.17146437168199954,0.8639166419362285,1,-0.35220539828834757,0.4509545753785385,0,-1.0973220117570217,0.11570630434063936,1
0.009892175289346128,1.351930622877304,1,-1.5431284621471908,1.8464785017145873,0,-1.6206261510128914,2.1429767286120875,0,-3.343474989367619,-2.029379580196969,0
-2.901609074122923,3.594038512265893,0,1.1136764905609127,2.329213635746299,1,1.8565769153293494,2.6086080709057944,1,-0.06262979200316446,3.6619140424658942,0
3.2018199103626235,4.621078364796958,1,-0.9872318020271159,1.3426352507568777,0,-2.7415013458279334,3.5822284252151664,0,-4.123609880917233,0.3571183297850422,1
-5.136896143214427,5.989206265631171,0,0.22558478517387381,1.8255014923301172,1,-0.33937043321674687,2.1643522526578245,0,-5.012654899253854,1.0313603468167674,0
-1.9990282501561742,3.793294926077601,0,-0.28328611898017,1.8909348441926346,0,-0.03905417879713129,1.1112689057729177,0,-3.0861227575778405,0.6963042313872523,0
-3.4915014164305953,4.327195467422096,0,0.10641030345283088,0.9503540894580412,1,0.036654204237226005,0.6231214720328422,1,-3.606938861857415,0.733235077376566,1
2.0694969361171247,2.7373133233038565,1,-0.301941049604601,1.3659237958303379,0,-0.35702693930542034,0.9737098344693282,0,-0.9468134705734677,1.7761727530677673,0
-0.805176132278936,1.700215672178289,0,-0.5254765528738131,2.3374646662317895,0,-0.12022733896823083,1.9746429612357914,0,-1.3659237958303379,0.3400738655062712,0
-0.2971660505907081,3.685583822570124,0,-0.8940577866618208,1.2393240050881338,0,0.5319148936170213,0.9941305942773294,1,-2.1572969497821273,1.5307067936696193,1
2.8529892785753224,4.343085589678357,1,0.2861584116441744,1.0951741680209144,1,5.08295466553947,5.787452886681462,1,5.653000845308537,10.295253152921278,0
0.43100402741468247,9.821239313219813,1,1.6674288528511625,3.8484539346396036,1,0.05536140617971696,1.636621570187883,1,-3.7972153753913793,6.020115997357022,1
3.7218137686002746,5.269638020192071,1,0.06104592009767348,0.8716000813945601,1,-0.5761540025757473,1.189588558259337,0,-2.168166761468197,2.9941174398534645,1
-0.5188903208302245,2.299396323679034,0,0.12952043355260917,0.7941647636252087,1,-0.020426227275822155,0.40171580309116905,0,-0.9864864864864865,1.3346241615379295,0
-0.3135757864957906,1.3599645523023962,0,0.1264870778066457,0.6802953644195269,1,0.034139014065273796,0.594018844735764,1,-0.6924643584521385,0.6710023743160937,1
-0.058115684397648026,2.892109941200602,0,-2.1227866274697478,3.6063444315307307,0,-0.08031567552467088,0.7472849809686769,0,-4.522545976436033,-1.7482397389661686,0
-4.0165447460176384,5.735967730908594,0,-0.0641048470387122,0.9473271840165248,0,-0.0106928999144568,1.1049329911605361,0,-4.198473282442748,1.6120870382418853,1
2.1403896150147794,3.625485238078279,1,-0.038351579387769334,1.213304511540339,0,-1.5067489798053784,2.1903665724948556,0,-2.028102720287949,1.5497201894102455,1
1.2237640331915487,3.967645213025591,1,0.1343299004580994,0.9403093032066958,1,-0.656989543203082,1.909053384700055,0,-0.7036480393496379,3.3122467837088636,0
-0.6268728688044639,2.366272861915751,0,0.7726957726957727,2.3839223839223838,1,-0.23726016092428304,1.5267175572519083,0,-1.4092177820137517,0.95151789759855,1
2.3804573804573805,3.011088011088011,1,-0.4096556860886346,1.8282154585773776,0,-1.14903453902638,1.3530051672559151,0,-1.8854584020740042,1.071725860155383,0
-2.1193756982767376,4.837999796864949,0,0.17987477948043862,1.3006330208585561,1,-0.020717516660336315,0.9046648941680191,0,-2.9613748283139594,1.9175286749700937,0
-1.5116399737106092,2.5943477809678646,0,-1.6324381253291207,2.790942601369142,0,-0.22127841821621042,1.4490167386416362,0,-4.754401589367678,-2.2430037969343273,0
-2.790942601369142,4.834123222748815,0,-0.03250505634209766,1.0907252239237215,0,0.17341040462427745,1.0874277456647399,1,-3.122056720270695,1.7662147306705753,0
-0.1372435712221901,1.693874602715978,0,-0.3472222222222222,1.1248553240740742,0,2.0434829951725892,3.0634096765997607,1,1.2750978772314212,3.0103755662721032,0
-0.10850694444444445,5.374710648148148,0,-0.553866203301477,0.886909933391254,0,-0.3312945973496432,1.1904761904761905,0,-3.21589946342841,2.14216526339319,0
-2.2914856646394437,3.3304373008977697,0,-2.504909771371401,3.6795494126801795,0,0.4483112343755936,0.9308156984916987,1,-4.36685962373372,-1.0741017964071855,1
-0.6521658576351577,4.791195760921926,0,-0.07831145584725537,1.0590692124105012,0,0.17168663456873062,0.5449184488485799,1,-0.9485845052227512,4.015503875968992,1
-0.10068615751789978,1.2753579952267302,0,0.30982866101758183,1.1422598827877113,1,0.007442691277165824,0.5023816612086931,1,-0.6173295874611858,0.6551853238487458,1
0.5375340624883348,2.2546567621038482,1,1.8119036126684738,3.0186017153677644,1,-0.14585764294049008,0.6053092182030338,0,0.7352400558782443,3.0227836679449585,1
0.8651097167044146,3.4530130323395096,1,0.3497018331738202,1.5791798571744091,1,-0.6346527752301991,1.1115594849407535,0,-2.172341502204872,1.2305505685218432,0
-0.47485827873076636,1.5902230729588456,0,-0.6805488774642157,1.7198653696785886,0,-0.46572280178837555,1.3338301043219076,0,-2.293040293040293,-0.7220485335715349,1
1.3573991197248214,3.469319820986056,1,-0.051070659905884074,1.1782730821143255,0,-0.7446614345683519,1.0330352254060962,0,-0.9167636786961583,2.5838041431261773,0
-2.1705030460000727,4.038230036843833,0,0.1453921861019982,0.75678496868476,1,0.3164439149696586,0.7036223521090056,1,-2.055965940104072,2.0550542200652155,0
0.2572323292573815,1.9572025052192066,1,-0.09669381531481275,0.2603295027706497,0,0.13773591929419648,0.3126977627219596,1,-0.9972034147777451,0.953059922704589,1
0.8404923946595262,1.1640447766744766,1,-0.18803229731224422,0.7853113593629023,0,-0.46915404506834135,1.0749907646841523,0,-0.7549810334033071,0.4023845007451565,0
-1.375216605832688,2.171588688566899,0,0.34762456546929316,1.379284566216873,1,-0.2272219325039112,0.7040154957908068,0,-1.9723576639659786,0.19109712230215828,1
0.38500355100362577,1.984824131873061,1,1.675603217158177,2.487339886803694,1,-0.09886488465763457,0.5053094104723544,0,0.7866164413915355,2.8025765623234262,0
1.377718200774501,2.487339886803694,1,-2.0238751147842056,2.2112029384756657,0,0.03748687959214275,0.599790073474284,1,-2.8531916442244705,-0.432674375233122,0
-3.3057851239669422,4.220385674931129,0,-0.7521367521367521,1.9107312440645774,0,1.0447761194029852,1.3164944508228091,1,-3.011937557392103,1.2616965792299433,1
0.5811965811965812,2.784425451092118,1,0.08306275013214529,0.7513403307407687,1,-0.14334754234410957,0.6865592817533668,0,-0.61628649806471,2.198778885539841,1
0.8759344559389867,2.2615721513252285,1,0.07486150621350501,0.5464889953585866,1,0.11969328595474098,0.35159902749205163,1,-0.7981586665181721,1.457969473764143,1
0.5839197484653391,1.2239856265908071,1,1.2874418604651163,1.8790697674418606,1,-0.1358496108092231,0.7673667205169629,0,0.9556390138697803,2.1982985771286607,1
4.453953488372093,5.443720930232558,1,-0.5664208613871967,2.230059492002422,0,0.11464603038119806,0.7631126397248496,1,-1.274426508071368,4.117976479372784,0
-1.1470913041929394,3.2417797727191764,0,-0.03964249675652299,1.2181058094277064,0,0.8400331686916394,1.1753253776543966,1,-1.8733305215802052,1.3688185316970445,0
-0.15136226034308778,1.7442698572870114,0,-1.895238439045522,3.064871304285044,0,-0.014719411223551058,0.7433302667893285,0,-3.4896984387253154,-1.7954298150163224,0
-1.740009385942746,3.548608353489044,0,-1.5135929463629685,2.685525349008082,0,0.3991941501268467,0.6640799880614834,1,-3.207614942528736,0.33510816546896527,0
-1.4474650991917708,2.685525349008082,0,0.8799075351403751,2.5875247007941535,1,0.12566528681253697,0.8907451212300413,1,-0.9102207925135254,1.8103286384976527,1
1.6032213563998359,2.9118973938331907,1,-0.23853211009174313,0.5064220183486239,0,-0.05885598675740297,0.23174544785727422,0,-0.4468864468864469,2.4850107470115765,0
-0.638532110091743,1.4495412844036697,0,0.2696114640271828,0.7608213916383513,1,0.2687974077619854,0.4492230650268797,1,-0.41709351675691503,1.043174815309797,1
0.1809720785935884,1.8023341704830849,1,-0.9957955299845098,1.3941137419783138,0,-0.4396095670963416,0.786081514045153,0,-2.764926596481003,-1.0050810369765975,0
-5.071180939735929,6.4505421553441025,0,0.03497862417411582,0.8006218422075397,1,-0.8041020860039623,1.7402789107718604,0,-5.866312919153954,0.6183780377328765,1
5.853089778468713,7.800233190827828,1,-1.6769411419345368,2.3888154997798328,0,-0.13058726960674577,2.24236997239012,0,-2.0177651058230066,5.739644970414201,0
-3.317187729340966,4.579480405107883,0,0.36816335825710705,1.1044900747713213,1,-0.20798668885191346,0.926486159431251,0,-3.348181685409669,1.2662586074980873,1
0.6186662618134892,2.2165711466201086,1,-0.018862941864413174,1.1732749839664995,0,0.7169811320754716,1.0566037735849056,1,-0.4961020552799433,1.7197330791229741,0
-0.0867695325763006,1.8447957143396083,0,-3.1110775504039867,3.945480631276901,0,0.027274498344048312,0.6857588155075004,1,-4.302038987228322,-2.5219673627753054,1
-2.3748395378690628,4.183342143018953,0,-0.40221216691804923,0.8430985806551418,0,0.046596513027608435,0.5358598998174969,1,-2.883745476477684,1.3493312352478364,1
0.32486367327996285,2.1348184244111845,1,-0.4780262143407864,1.5265998457979955,0,0.26727610784009914,1.2046792686705918,1,-1.0454424052806288,1.0835249639474607,0
-0.13107170393215112,1.808018504240555,0,0.6446383077279395,1.242955299930518,1,0.18409849269359108,1.9752234111916542,1,-0.09194345477531318,1.7359756573301084,0
0.10808306955917549,2.7175171774878404,1,-0.1349527665317139,0.7981492192018509,0,0.33978145874358084,0.7104521410093054,1,-1.510105215350844,1.1859398086942996,0
-3.1154810102178523,4.854443801812223,0,-0.8199004975124378,1.5402985074626867,0,0.38926120630843936,1.107588587021951,1,-4.52105222793159,0.3223336959587413,1
1.783084577114428,3.872636815920398,1,-0.2268549301834396,0.6844760824500332,0,0.301854247520483,0.6272296052373673,1,-0.7151463329317113,3.1871061560833738,1
2.9960495951812884,5.072945593929675,1,0.9455815896403753,2.324080051646223,1,-0.2031832035218422,0.8804605485946495,0,0.09816877477817633,5.252501191043354,0
0.6607678578209851,2.324080051646223,1,0.24516275034888543,1.0296835514653189,1,-0.15050041387613816,0.5455640003010008,0,-0.944558521560575,1.3716425323806978,1
-0.6525100893901105,1.576585071474371,0,0.32275212636695016,0.8011846901579587,1,0.43527630582891746,0.7645722937168812,1,-0.5321341577665355,1.0507480869532113,1
1.9213244228432564,2.9996962332928314,1,-0.04843517138599106,1.5499254843517138,0,0.253475975696127,0.9654452603720132,1,-0.7504621072088724,2.2353389185072357,1
5.495529061102832,6.669150521609538,1,1.9635541743184066,2.5921740358807743,1,0.6615864218912365,1.5829580879806027,1,1.606835202700327,8.431203331957525,1
5.978951829354429,8.740641333521685,1,0.30989670109963346,1.9993335554815064,1,0.5148988472909677,1.6277447430488656,1,-2.0647049260282877,6.506364922206506,1
-0.4031989336887704,3.0156614461846054,0,0.1906928506908434,0.8932454584992138,1,0.5776679577935088,1.048484039000935,1,-1.29486969349287,1.722972972972973,1
2.7600281021043123,5.479910340905289,1,-0.397355307298961,1.253949125492623,0,0.23872592301906534,0.7652310409104288,1,-2.380952380952381,2.9812206572769955,0
-0.5048366609126144,1.7392437221118457,0,0.6317512274959083,1.8428805237315875,1,-0.48466317535699177,0.751390560452786,0,-0.4639693715323967,1.290982929969954,0
-0.23895253682487727,2.4615384615384617,0,-0.22965879265091863,1.9061679790026247,0,0.026308000920780034,0.9733960340688612,1,-2.2224369504299935,0.20465423337184355,0
-0.6758530183727034,2.3490813648293964,0,0.43596010304511523,0.8554065658233702,1,0.611439842209073,1.423405654174885,1,0.1957138663274293,2.591763802144217,0
1.3805403263095317,2.6091551621639475,1,-1.6646577841482884,1.778675440596801,0,-0.04637911614655801,1.242297753925661,0,-2.984689766317486,-0.44980982305275347,1
-2.0132260481480273,2.749454344072711,0,0.8378216636744463,1.2135115366713212,1,1.3086330223819098,1.6217819823977322,1,-0.2963011200833551,2.52109280835677,0
1.2168362258128866,2.606556286987167,1,1.0346526523238628,3.015273443915257,1,0.9785435630689207,1.3394018205461637,1,0.5871857258718572,3.2122765553743218,0
0.0788306782722943,5.7809164066349155,1,-0.032820243526206966,0.6826610653451048,0,0.2856111092872854,0.6795574669249205,1,-2.2003326084175514,3.632913108309611,1
0.4036889953723456,1.0699399389543471,1,-0.2713305001634521,0.5622752533507682,0,-0.019668261981249588,0.36058480298957585,0,-0.41765915097725714,0.6530127634312852,1
0.08499509643674404,1.9941157240928407,1,0.19597596028220537,0.8590279592370003,1,-0.14996902813549376,0.3553613927558439,0,-0.5229819717394836,1.487986743993372,1
1.7703161745492553,2.5836164097204075,1,-0.8021819348628269,1.3701267447457084,0,0.417300164979135,0.6469769999676512,1,-1.0261966983236663,1.5333311537581324,0
-1.264238729343815,2.214022140221402,0,0.009750706926252153,0.35427568498716155,1,-1.7391587022950394,1.810675508744555,0,-3.224055926197848,-1.044488690145902,1
-0.8645626807943576,2.1451555237754736,0,1.0131811922093252,1.7509344875073778,1,-0.6748207507380852,3.0821140057749083,0,-0.842350806712888,1.3242402171753958,0
-1.9214374713095939,5.351170568561873,0,0.3745694123942343,1.9230126082739707,1,0.8798240351929615,1.1964273811904287,1,-4.101587301587301,1.1383420383018614,1
1.4949332798234172,2.417979331794923,1,-0.48438117833135624,0.7479899828654277,0,0.07615641866163372,0.49004999834442564,1,-0.8704220725899162,1.5409461005315928,0
-0.1812310531171741,1.0775009885330171,0,-0.06602185323342026,0.5380781038523751,0,0.15195058302778053,0.33032735440821853,1,-0.13494388309251884,0.9515570934256056,0
-0.41593767537054765,1.2081999141715907,0,-0.17898574743122309,0.9115014915478953,0,0.2324268685460039,0.8799017166384433,1,-0.9165872729064687,0.28929604628736744,1
0.8319522704673517,3.5565130924759694,1,0.3813656836637407,0.9106749515073808,1,-0.4485332634887375,0.6744368779465689,0,-1.9428424138930953,1.5685489253771192,1
0.6706775816155439,1.6240917907748957,1,0.35584865006039634,1.083869282752767,1,-0.2959830866807611,1.024556838510327,0,-0.28567718478119725,1.3394919168591224,0
-0.8129019620645751,2.4191178871078316,0,-0.0625349702136063,0.556232103478919,0,0.5631854559826104,0.9353489444389552,1,-1.4147286821705427,1.002680432840266,1
3.5809498732844025,5.131158871737485,1,-1.159687360996378,1.728410751731588,0,0.15751068822527245,0.6364717605837539,1,-2.159155195172544,2.8817872368551507,0
-3.6315689140242737,5.318675732350512,0,0.06924294381429702,0.4715114745449749,1,-0.09885330170027679,0.2734941347040991,0,-4.024024024024024,1.3384065952404793,0
-0.08902664204695332,0.4715114745449749,0,-0.07590759075907591,0.891089108910891,0,0.0924916592343012,0.2741717041588214,1,-0.31904746242147153,0.1520158625247852,0
-0.1551155115511551,1.2376237623762376,0,0.165305650147122,0.46285582041194173,1,-0.16173752310536046,1.1090573012939002,0,-0.7522501806714408,0.485582199753883,0
-0.307468509273647,2.2018712599596655,0,-0.5705944798301485,1.0416666666666665,0,-0.6107124979142332,1.351576839646254,0,-1.8423914834712105,0.36057287278854255,0
-0.9156050955414012,2.398487261146497,0,0.4989618913669547,1.1486169714017815,1,-0.2132835671676609,0.6998367047688873,0,-0.9787065203015474,1.4464279665322992,1
0.1908780389793048,1.4433058736856206,1,0.9760336932179028,1.1465053314169202,1,0.11254551473022177,0.7845084409136048,1,0.13581555585000663,1.5861814026951642,0
-0.3710265066684494,2.83116622656015,0,-0.13755619673891162,0.7112661880158357,0,0.38974565735980915,0.5879783623962638,1,-1.7459064904320378,1.0687590895254844,0
0.3422129772529021,1.0601892236462458,1,0.12705630600508225,0.4848201150193928,1,-0.2637729549248748,0.47412353923205347,0,-0.6655352567302253,0.39011266184630905,0
-0.3978868530159154,1.186973385047479,0,0.4263175562269218,0.7955689828801611,1,-0.15041615135207406,0.28411939699836214,0,-0.25337556259376565,0.9412955465587045,1
0.9902651896609601,2.014098690835851,1,-0.8775137111517367,1.4990859232175504,0,-2.072017702675518,2.866626433313217,0,-3.67477424032694,-1.731558066034564,0
-3.0181153398703673,4.178161874688383,0,-0.1165341376473814,0.44899917740608725,0,-0.017157956144264096,0.6794550633128582,0,-3.27253397122828,0.9430691352888149,1
0.16451878256100905,1.055662188099808,1,-0.030796605529701617,1.019709827539009,0,0.1266472702378915,0.5100119801471846,1,-0.4563721817314897,0.598884835134577,1
0.4448398576512456,1.9778264440186148,1,0.21803563519912786,0.6507000987973972,1,0.17000442011492298,0.547414232770052,1,-0.6098793719253319,1.3642611683848798,0
-0.4565121111981739,1.6420808775934315,0,-0.2704182925994386,0.5887588142671322,0,0.5287009063444109,0.6591595715462785,1,-0.8896255454453201,0.753069014132939,1
0.35257068528787566,1.3828986102553569,1,-0.06822213125938055,0.371810615363624,0,0.03413551800648575,0.273084144051886,1,-0.7959356477561389,0.5803372136945847,1
0.1500886887706372,0.5218993041342611,1,-0.23501362397820164,0.2895095367847411,0,0.06828035915468915,0.3004335802806323,1,-0.28227452047340496,0.23930805784417625,0
-0.27588555858310626,1.4032697547683926,0,0.3347108849345947,0.8470234639161174,1,0.18722766884531591,0.4731753812636166,1,0.05094070501935747,1.4706895364055934,0
-0.16394002527408724,1.3525052085112197,0,-0.9924369460319634,2.1183395503233977,0,-0.11406844106463879,0.8295886622882821,0,-2.1991799667920437,-0.8689678859694315,1
1.6255432736730433,3.9047260531809314,1,-0.4646934033740782,1.6297942553119844,0,-0.5717572230868124,0.7138507341498072,0,-0.8749789668517585,3.083222509974102,0
-1.7947940869448091,3.69060847897094,0,-0.47672943032547926,0.8780052817505231,0,0.38946715378782654,0.8202936513407321,1,-3.1440466278101584,0.5254243147015106,1
0.06516445450492163,1.6119628219638509,1,0.04113110539845759,0.48671808054841476,1,0.010278548668927948,0.4214204954260458,1,-0.670182003742133,0.943820224719101,0
-0.33590402742073694,1.7892030848329048,0,-0.22699914015477216,0.38521066208082544,0,-0.06894412079009962,0.33782619187148816,0,-1.1124001910871495,0.6809338521400778,1
-0.08942390369733448,0.5399828030954428,0,0.041309511515026334,0.20654755757513166,1,-0.2752356705429023,0.3887703846418496,0,-0.38478716459958084,0.15544041450777202,1
-0.02409721505043203,0.6781644807050157,0,0.006886815192314314,0.6886815192314314,1,-0.1101814550838412,0.3787487518507041,0,-0.47669673171233584,0.20026241281679444,1
0.482077063462002,1.973072552598051,1,-0.1199205098334818,0.6098814500102789,0,1.094302082261329,1.756371994099688,1,1.0292709615647655,3.0483764082173623,1
1.980401562392928,3.7792092098951553,1,0.10746910263299302,0.7321332616872649,1,0.44951358604495134,1.3049312311304933,1,-0.4667328699106256,3.3050468959356856,0
-0.7086243954862976,2.5759000537345513,0,-0.2841197361745307,0.5682394723490614,0,0.25779315491333404,0.49523421864929956,1,-1.9422955609415982,0.6200599618424639,0
-0.48029764924742097,1.3833925249450363,0,-0.1733278955954323,0.5607667210440457,0,0.10553910053450449,0.36428012119974124,1,-1.047032286301047,0.3345394961425548,0
-0.08836324089178901,1.0297716150081566,0,-0.013606367780121097,0.2823321314375128,0,0.05103255877249686,0.1462933351478243,1,-0.39966130397967825,0.6330846622407775,0
0.057827063065514654,0.39118307367848154,1,-0.11558728539860616,0.30256671766105725,0,-0.06466764235390218,0.17017800619447943,0,-0.3156287120312235,0.07495741056218058,1
-0.4453510113887472,0.6425293217746048,0,0.3620218579234973,1.174863387978142,1,-0.2416116518069829,0.5104471517048935,0,-0.34643208912135315,0.29739522800300816,0
0.4371584699453552,1.956967213114754,1,-0.11901523394994559,0.39105005440696405,0,-0.02042761813972491,0.3064142720958736,0,-1.1126470885734516,0.8354534827752182,0
-0.8025027203482046,1.343171926006529,0,-0.037708683281341054,0.4867848205409482,0,-0.24346752623276868,0.5555174542212468,0,-1.1203530809709725,0.2236751548520303,0
-1.6111891947482089,1.8203009838538273,0,-0.38338212742227795,1.592778474836191,0,-0.32537960954446854,0.6892449793576376,0,-2.60744593484807,-0.8050744083922909,0
-7.1448487383242725,8.681862540080859,0,-0.8223190147191349,2.406878942625413,0,-0.6511698341788446,1.4083440599681987,0,-8.474458392739159,0.20558897433945023,0
-2.1815860618804446,4.550916191048363,0,-0.548923265901501,1.3166481133161874,0,0.1659462797159617,0.4476690336523618,1,-3.3714988997874165,1.2030780047654388,1
0.1765767149053779,1.7887988944762196,1,-0.030654864543817297,0.5862742844005059,0,0.3219871205151794,0.5864765409383624,1,-0.30079195857447455,1.5001162880843477,0
0.3640265164578304,1.2185308656167377,1,-0.6757530637956706,0.7559271561104112,0,-0.007688463460577404,0.7419367239457194,0,-1.1446172567212989,0.06543746872473921,1
-0.25961134654296947,1.572939334936815,0,-0.12248803827751195,0.5358851674641149,0,-0.32953979384603593,0.36019465838985326,0,-0.7621951219512195,0.8208146197924734,0
-0.31770334928229665,3.01244019138756,0,0.011517199017199017,0.7639742014742015,1,-0.7485317262293194,1.0479444167210472,0,-1.1745800971802425,1.8934911242603552,1
1.4703624078624078,3.819871007371008,1,0.16270006432328124,0.6962049264065988,1,-0.43813264843631966,0.7856171627134009,0,-1.5783582089552237,2.216624685138539,0
-0.987551553218056,2.6864429225472017,0,-0.7910122664221025,0.8292254193893539,0,0.7431938080018484,0.8587161615772653,1,-1.7242677509223703,0.974779514157512,0
-0.46237915090374104,2.0367610531544957,0,-0.04222648752399232,0.2840690978886756,0,-0.09601720628336598,0.27652955409609403,0,-1.0235531372474411,1.0253223551343793,1
-0.16122840690978887,0.4836852207293666,0,0.08843772830391818,0.28453877802130195,1,0.16903572800614675,0.1920860545524395,1,-0.1455827139682783,0.3387742531567601,1
0.3191448456184873,0.7920944361133541,1,-0.6363322727795453,0.8126653122244797,0,0.705991281200571,1.415840438254697,1,-0.1681442983797004,0.623988906863878,0
0.061333231111281486,1.406830988615019,1,-0.4137455464889093,0.7700264337432479,0,0.05772561092938234,0.4733500096209352,1,-0.7359951187888495,0.6729579207920792,1
6.217676129180554,8.539248362257212,1,-1.0280643532212683,1.6557246951879374,0,-0.0364471334329555,0.7143638152859277,0,-2.8356193589652476,5.522324701887084,0
-1.5222566914364042,2.709039751821658,0,-0.172148560545015,0.44685371035089,0,-0.3705742065676023,1.7574756925334802,0,-2.0319198760672985,0.6924387173220765,0
-5.01794740312065,6.79071130320123,0,0.21213406873143828,0.6016893585837157,1,0.1693480101608806,0.6966361327072589,1,-5.403638740603552,1.425067165050812,0
-0.49755081575191884,3.08944343734331,0,-0.04650982520057362,0.306189682570443,0,0.0775524448408236,0.3295978905735003,1,-1.2550700237238845,1.8671298306556665,1
0.2674314949032983,0.8798108600441843,1,0.29377657518361033,0.4252029377657518,1,-0.061666538194712094,0.93656054883219,0,-0.31562740569668973,0.563041199083602,1
0.3865481252415926,1.1789717819868575,1,-0.07700600646850454,0.7816109656553211,0,-0.2273252677814595,0.6704168914232873,0,-1.0186887254901962,0.1511217886619909,1
-0.5890959494840597,1.6748806406899737,0,-0.41816703449878034,1.0996244240523483,0,0.16329704510108864,0.6648522550544324,1,-1.0505732142172464,0.6277782110270608,0
-0.17036434738839198,1.2196538506214427,0,-0.2714967226467052,0.5080867238102625,0,-0.09722708357640104,0.3344611675028196,0,-0.607068285515428,0.6184679218694955,0
-0.1357483613233526,2.3814141100725283,0,0.031067961165048542,0.4621359223300971,1,-0.337798485730926,0.508639099204038,0,-1.3576923076923078,1.0281257385960765,1
1.9223300970873787,3.1728155339805824,1,-0.026660572821450335,0.898842169408897,0,-1.481961217570193,2.3200883843194027,0,-2.1728432448801906,0.9492187500000001,1
-1.3254113345521024,2.9593235831809874,0,-0.12351397251814111,0.28176624980700943,0,-0.13912505796877414,0.21641675684031533,0,-2.1907752847251127,0.7718696397941681,1
-0.03473830477072719,0.4863362667901806,0,-0.18533534113286226,0.5560060233985868,0,-0.251440950059959,0.3713589416270163,0,-0.5014077988197632,-0.015503275066857874,0
-0.24325263523688173,1.6602957643152245,0,-0.11224647778293854,0.8515250038705682,0,-0.5192590870340231,0.8990157327753237,0,-1.199169805519256,0.4611536657808348,0
-2.6358569437993498,3.7196160396346185,0,2.6354493779067454,3.271455260961164,1,1.018669145557363,2.227128360058874,1,0.9041381708589313,4.795345104333868,0
2.7308502603649085,5.56505147672616,1,0.11222041637644145,1.2808606145035213,1,0.9626164611280783,1.465187304287316,1,-1.1873798484677145,4.317720561900592,0
1.4859530996052936,2.4495008126306015,1,0.4346334210225323,1.494528956498532,1,1.2301617434884957,1.7996810691776142,1,0.2689903390793711,2.7327070879590094,1
1.1437721605856113,2.6916771512448054,1,0.16962569263824495,0.7350446680990613,1,-0.6171445774064875,1.268156845036502,0,-1.7877760810458492,0.8644761504035496,1
0.2940178672396246,2.450148893663538,1,-0.3983614566500056,1.0823405614641664,0,0.19243830654290242,0.4527960153950645,1,-1.224049408438128,1.2238828732652127,0
-0.14280882408207748,1.1575031004547334,0,-0.23710059839674832,0.5231267170975876,0,0.23011920929530708,0.4338312962124642,1,-0.6724698322561362,0.4837673381458105,0
-0.13548605622671334,0.7677543186180422,0,0.6859382655560999,1.5490144348547092,1,2.1071936522194776,2.7621827981136313,1,2.881508753475092,3.6760808662073146,0
0.8932273018505257,3.9196472317491424,1,0.3287753119629381,0.7696331166405141,1,1.1838725289453111,2.226276013551245,1,-0.9955510174312596,2.907285270260026,1
1.6737652245385937,3.003810804752298,1,-0.3894195444526084,1.59808963997061,0,-0.2028472375894372,0.8630227926532419,0,-1.5134977806883503,1.4541638557829248,0
-0.33798677443056574,1.972814107274063,0,-0.48665388585754316,0.8590178439758147,0,-1.5930055940429,1.8819693994739377,0,-2.7675344116251046,-0.8230299419037688,0
-2.0682790148945585,2.953104261908273,0,0.3839205058717254,0.8130081300813009,1,-0.28114105784008697,0.5960190426209844,0,-2.167273797696582,0.8037609948437974,0
0.04893104486600421,0.9560373381511593,1,0.0075253038341423035,0.3424013244534748,1,-0.015049475149554159,0.1241581699838218,0,-0.5573635581491041,0.3965406548585672,1
0.02257591150242691,0.43270497046318246,1,-0.05642916259122714,0.16928748777368144,0,0.11668611435239205,0.2220800240900365,1,-0.09011038522189682,0.3431501942003846,0
-1.256489353697991,2.1894515085396136,0,-0.1296967385084875,1.2244897959183674,0,-0.15660211603834842,0.8899583667545166,0,-2.371866816311261,-0.19886798225485697,1
0.31279801640282284,1.7509059698645812,1,-0.12928739828123811,0.5893984333409384,0,-0.31600989910527316,0.5254140491147916,0,-0.9040702072930852,0.8469030296031105,1
-0.34223134839151265,1.1445737318427256,0,0.1106743502652368,0.30149219555012785,1,1.9026919850530006,2.3373751239228246,1,1.23550367619192,2.4036802760207014,0
0.6029843911002557,2.7783078273480135,1,0.27692424414855277,0.8042183528697698,1,0.34795763993948564,0.7980332829046899,1,-1.3570443276292734,1.3949032381682314,1
2.5226660597094193,3.6872652782519633,1,0.5549594879573791,1.3319027710977098,1,-0.6108555657773689,1.011959521619135,0,-1.1246657141810457,2.5261158594491926,0
-0.4365681305264716,2.045950645602871,0,0.09290226681531029,0.27499070977331846,1,0.007424731781564392,0.29327690537179346,1,-1.1088672663851662,0.9407090922719435,1
0.20810107766629504,0.7766629505759941,1,0.5711106990543298,0.7342851844984238,1,0.20281731691127666,0.6711409395973155,1,0.38755398073303066,1.1679809552149978,0
3.819766363804932,4.0571110699054325,1,1.1502053938203252,2.2075370601893196,1,0.01765100434214707,1.0202280509761006,1,1.0230634869710904,5.122593568010683,0
-1.7431684229326665,4.497231648508662,0,0.11996074012141482,1.0105783561743429,1,-0.03267617906546128,0.8931488944559416,0,-3.9101846670397316,0.5158599495115793,0
-0.26900287178741505,1.8175869715365882,0,0.06561918996755495,1.0170974444971017,1,0.2695123283679936,0.7356958152747933,1,-0.33610408384531987,1.4979757085020242,1
1.308738288797346,2.2237614377893626,1,-0.6333897146147479,1.1876057149026522,0,1.4739434324412415,1.680367942635715,1,-0.34853221228126907,1.884574409463282,0
-1.3315579227696404,2.720696728686076,0,0.8315098468271335,0.9299781181619257,1,-0.9441470120098393,2.228331645203299,0,-3.0684444444444443,-0.3909532682962476,1
1.9256017505470462,4.070021881838074,1,-0.11451064591161209,0.3936303453211666,0,0.20423519294851122,0.48729800422802677,1,-1.1519027596198015,2.906014346146772,0
0.09303989980318483,0.6083378064054392,1,-0.1930225907921075,0.711323991993137,0,-0.11818637633407349,0.8416302557123415,0,-0.7276878076621246,-0.12202124605225381,1
-0.15370317414927082,1.3904775521875894,0,-0.36161833154314355,0.644468313641246,0,-1.3403284343670272,1.6349850874986522,0,-2.3697694278394534,-0.9994587768356485,1
-1.2030075187969926,2.563551736484067,0,0.21740705848249872,0.7210667439669541,1,-0.7484272181647263,1.1967604309783786,0,-2.0431490212887553,0.5278592375366569,0
-0.7355605478657874,1.590694977896949,0,-1.3324085566182375,1.8106154632401257,0,0.3589534840691263,1.1508714798504978,1,-2.0264666642627915,-0.45064849417454383,0
-1.8982258888807768,3.435058771993867,0,-0.24190547078526237,0.7406029028656494,0,-0.1753207997612653,0.7012831990450612,0,-2.398631433355172,1.062827422455056,0
-0.42426497953107556,1.443989579456643,0,0.45991624289560273,0.6693090038887227,1,0.026054267316782672,0.8151263631964865,1,-0.022277503434448447,1.4390657374270108,0
0.45991624289560273,1.619054741250374,1,0.007444076376223621,0.5061971935832061,1,0.04465614766299494,0.24933015778505507,1,-0.8005016969160397,0.8097469540768509,0
-0.04466445825734172,0.6736889120482376,0,0.10425199195770347,0.3090326904460496,1,0.17851829812555786,0.5355548943766736,1,-0.5151773470219784,0.15671641791044777,1
1.176558194951225,1.8057934321245066,1,2.555134199771732,3.136850631420051,1,4.6610929706842725,5.411030176899064,1,2.201545844170116,4.0501230700380395,1
4.9961341629542355,10.22421854865432,1,-0.32959326788218796,1.6970546984572228,0,-0.5381639113612381,1.5828350334154064,0,-5.6120401337792645,4.051911661689341,1
-0.3927068723702665,1.9144460028050492,0,0.3696141931850183,2.2599267811883976,1,-0.45960074378135635,1.2840753604883697,0,-1.0479617144653648,0.8760371781631708,0
-0.28161081385525205,2.9146719234018588,0,0.049422812158011795,1.0131676492392419,1,0.7657021877205363,0.963302752293578,1,-1.7112889870273256,1.1791447648813753,1
1.433261552582342,2.746496275638084,1,1.8166631864689915,2.8607224890373772,1,0.9773100054674685,3.335155822854018,1,2.1614331166136393,4.986139739853579,1
3.320108582167467,5.700563792023386,1,0.10444040159018934,0.8489993935718617,1,0.15483002356109055,0.7505890272635476,1,-1.4950550722720206,4.147578247945445,1
0.8254160770837545,2.968128832288929,1,-0.28742354867818587,1.9016744092777649,0,0.5027989139543458,0.6804545302182147,1,-1.5083651692794098,1.434725095817929,0
0.27071287724340765,1.9016744092777649,1,1.7029359816042922,3.6324857533242243,1,0.22602201257861634,1.3725104821802936,1,1.418322478262307,3.3627602938203385,1
10.22094844536275,14.613256906721764,1,2.8195829555757026,7.089755213055304,1,1.281448389372208,2.7421819891841053,1,0.8954875594317884,15.69335741521172,0
2.499244484738592,7.089755213055304,1,-0.18863475595378448,2.0278236265031833,0,1.7384887839433296,2.541322314049587,1,-2.4376385021876246,4.529404602459516,1
1.6800282952133931,4.279651025701486,1,0.46674784020409343,1.1683191279642835,1,-1.053178290100124,2.2275442190610844,0,-2.4161876031646647,1.790061153001247,0
-0.9537890647648867,3.1773641792775553,0,-0.5593299754011948,1.3148647065713952,0,0.727669102050436,0.7924817346217299,1,-2.0152724349773212,1.1678226332325568,0
-0.7086798641208856,2.45402366170786,0,0.43065305881658894,0.9026016164238099,1,0.0675417731183743,1.6679881361407216,1,-0.651189954737918,1.8409315412937408,1
0.5574892336735295,1.8523980886083418,1,0.002933411557641537,0.5573481959518921,1,0.8976239366383103,1.2349662657670872,1,-0.24053787747058483,1.6087136194580556,1
1.3141683778234086,2.376063361689645,1,-0.9841095256013198,1.3864366551853888,0,1.3886452669122376,1.9996491843536222,1,-0.3941878866350165,1.9826189424068348,0
-0.15629974818373904,2.2142464326029696,0,-0.9597262895415929,1.4671344486647917,0,0.553327282840999,1.4345522147729601,1,-1.5691336775674125,0.6393899398738818,1
0.4987097335382296,1.9397489054481138,1,-0.5999942308247036,1.0038365015721002,0,0.8416775504280947,2.4205485415759687,1,0.20731356176216528,2.175508646252312,0
2.2297862520552685,4.355727348775493,1,-0.3639954853273138,2.460496613995485,0,-0.3399915002124947,1.036974075648109,0,-0.702010558238796,3.694797959063985,0
-1.4193002257336342,4.650112866817156,0,-1.3849543594586087,1.7712536126133862,0,-0.266929727847734,1.436197992224221,0,-4.3260676156583635,0.2680652680652681,1
-0.6295247088448221,2.3321028986751364,0,0.14683019519778892,1.1170610928772962,1,-0.11499540018399264,0.5289788408463661,0,-0.48931238732938453,1.8867924528301887,0
1.0134162492082686,1.9203086313122588,1,0.29641452431169124,1.043151114404606,1,-0.3551338144212739,0.45741235297460087,0,-0.4620705295384964,1.4562686006530092,0
-0.1168557259305706,2.56797583081571,0,-0.33102188739548555,1.078674770995634,0,0.2949261253006528,1.2369717099988546,1,-0.4237766979319697,2.1771271198724453,0
-0.00285363696030591,1.4953057672002967,0,-0.3108867402527024,0.7187473260888166,0,-0.700941263983063,1.2903041226790262,0,-1.5018418815528478,-0.01725824080998677,1
1.006816690910128,3.8818059952653945,1,-0.5138775164469039,0.7454047491317729,0,0.3661963834558719,0.7806512050415875,1,-1.3819620517678526,2.505068056762236,1
0.6296411327893384,2.9336194482875455,1,2.5931018999242275,3.6090141161283085,1,0.96003938623123,1.293728289707612,1,2.1134163208852006,5.135142832730484,0
2.974770577835153,6.735329610192799,1,-0.6839237057220708,1.2697547683923707,0,1.9756880608072882,2.538210355898252,1,-2.051187529622413,4.556186407330372,1
1.6866485013623977,3.3106267029972756,1,-0.8353413654618475,1.3119143239625166,0,0.16733239771132463,0.5532764763035734,1,-1.1582086373076308,2.146217978702914,1
-0.5301204819277108,2.005354752342704,0,0.021542438604049977,1.1579060749676862,1,-0.09692009476631488,0.49267714839543403,0,-1.0662177328843996,0.9543806069860661,1
-0.13464024127531235,1.2898535114174925,0,-0.29661588243225023,1.688014021841715,0,-0.3109620896652425,1.1248715591368774,0,-0.7519402744582002,0.541378747483541,0
-1.6179048132668195,2.874477551570716,0,0.6415528869879915,1.4147063661786479,1,-0.7439705681973021,1.436162964981605,0,-2.821944897250207,0.027506532801540366,0
-2.4949278938421893,4.789713220376159,0,0.06467214036666291,0.8238668316274884,1,1.3176007866273354,2.2503160556257904,1,-1.474870064491551,3.4426604194046058,1
6.503767855134406,7.3023281970532,1,-1.1481813862640553,1.6127329356490523,0,-1.4546910449753103,1.8577338849592955,0,-2.196181698485846,4.983322969076828,0
-4.542575093702159,6.390223301483397,0,0.22119611800812894,1.5594326319573093,1,0.6234654749096527,1.3021048856520179,1,-3.7618545837723922,2.794113509102676,0
1.2663477755965384,2.513340890867365,1,-0.5569813793480041,1.1467263692458909,0,0.1262972928449838,0.47224205150733073,1,-0.9157608695652174,1.5937143016355075,1
-0.09829083164964779,1.7473925626604052,0,0.10658358612773633,0.7187559782460168,1,-0.3711587795426014,0.8132743845859942,0,-0.9307752842528019,0.8201927591063489,1
2.281981908119483,3.0062037112951274,1,-0.4515577406081334,0.9538823277935125,0,-0.034883408914052644,0.9525853972683608,0,-0.935501066098081,2.056562328390994,1
0.14428472185111954,2.813552076096831,1,-0.46433432071091185,1.0674352200250847,0,-0.3243793898450485,0.8766285990027345,0,-1.5038788424369192,1.3209499945527836,0
-4.576628505857551,5.086328823419529,0,1.9489961411554162,2.5781555841395893,1,0.05210904503318523,0.9653886237726947,1,-2.9205607476635516,2.25404105375021,1
4.647391085509759,6.190928918964263,1,-0.11220346227826458,0.6945928617225903,0,-0.15513413753443708,1.27316981838607,0,-1.4736564109335797,4.645030994923004,0
-0.3499679418679205,2.0383628980551403,0,0.589622641509434,0.8281518010291595,1,0.4902221985399904,1.702456439494858,1,0.21780126962203514,2.290842053895787,1
1.163164665523156,3.1384005145797595,1,0.21456953642384108,0.41324503311258276,1,-0.3092865262100505,0.6000687303391578,0,-1.8107552618570648,1.2746202973219556,1
0.1562913907284768,0.7655629139072848,1,0.007934199042606649,0.31207849567586154,1,-0.7457160990057119,1.216416331711445,0,-0.7043368154479266,0.05848108668491985,0
-0.9283012879849778,1.7561027214302718,0,-0.4483945872367684,1.305148530707022,0,-0.9946380697050939,1.6863270777479893,0,-2.2702645558580223,-0.5245742877895246,0
-0.6058664958496811,2.260656043985374,0,-0.3544575725026853,1.227175080558539,0,0.3636559545295369,0.9185680036634971,1,-0.9660935753446531,1.3178315680561985,1
1.608485499462943,4.127282491944146,1,0.755774007716294,1.440198720997833,1,0.18359211078472515,1.4005455308434747,1,-0.5778240499739719,3.5653281999837327,0
0.05549389567147614,2.272607156069975,1,-0.1637439256285654,1.2597718149165433,0,0.22217520101565805,0.859606432501058,1,-1.4717736692929766,0.7819772854217092,0
-0.382949503486161,1.7510035918022395,0,1.386128117463094,1.9188465717844743,1,0.4051757940138544,1.5710364658214613,1,0.5370287899824484,2.3140495867768593,1
2.586732395112772,3.636267260342954,1,0.05425375255121812,0.4521146045934844,1,0.15752504906517922,0.3615328994938539,1,-0.5128205128205128,3.114701817795259,1
1.981553724132586,2.743689771875888,1,0.05826620053706237,0.6814612149769469,1,0.3392405063291139,0.6354430379746836,1,-0.7853996224040276,1.9398391226754261,1
1.3046562294168313,2.2951816385468917,1,3.653596078823647,4.401320396118836,1,0.875521574491691,1.910228889800053,1,4.001492166127829,6.398839812741705,1
4.9939981994598375,6.041812543763129,1,-1.0791109840634603,1.3435289073107983,0,0.8429672447013488,1.5342003853564548,1,-1.238090746156023,4.728918675602681,1
4.992972676814598,7.325091116987065,1,-0.95266178238483,1.560550729239912,0,0.7644769970244907,1.9752803845273517,1,-1.0114632501685772,6.338283230713509,0
-0.7326422755007145,1.9574931385669243,0,0.29933278493739146,0.7471894707979161,1,-1.3825934446393184,2.4030248502380247,0,-1.9714556704755883,-0.02303139178700569,0
-1.0807970021021844,2.730554793894525,0,-0.288710273466371,0.935421286031042,0,1.3319126265316994,1.6654698756109425,1,-0.6357279084551812,2.1354057270881466,1
2.0717849223946785,3.8132852919438283,1,-0.013571590137977834,0.6831033702782175,0,-0.6131083007171784,1.0226012986131536,0,-1.828791164568848,1.9337016574585635,1
-1.12644198145216,1.71228228907487,0,0.6085563944177533,0.8030199039121482,1,-0.45701552943316437,0.9344944407812465,0,-1.0504485821198322,0.6673546611627107,0
0.17387325554792954,1.0432395332875772,1,-3.8117206413008726,7.175809619513086,0,0.06412235495285819,1.2017004298572684,1,-4.160043598710205,-3.1572667615070444,0
-5.810076280089526,8.26748275704563,0,1.6661816065192083,2.1075863407062476,1,-0.16223309077895742,1.21913396158893,0,-4.454236204652862,4.153704487195441,0
0.5481179666278618,3.448777648428405,1,-0.9353229033580021,2.1550996793867365,0,0.6155717761557178,0.9732360097323601,1,-2.079817451451118,1.3456665600629782,1
3.386929585613384,6.872694838849649,1,0.030303736683838782,0.981374857222779,1,-1.0556487695749441,3.006152125279642,0,-0.7872928176795579,6.181477740274459,0
0.30769948017436305,4.429007669176438,1,-0.7782191558064441,1.2799962831323901,0,-0.589998126990073,1.3555909346319535,0,-1.8406321269782766,2.652436820930401,0
-2.606453411387553,3.2940739192045903,0,0.620140247102037,1.7673997042408054,1,0.33887861983980283,1.0213754206360492,1,-1.5899911796109742,1.7593125960061444,0
0.7632495348948147,2.4734055240185087,1,-0.8809320829781188,1.2195699535852988,0,-0.002389771776795316,0.695423587047437,0,-1.7785171993626396,0.6676433151612671,1
-2.0910296485744055,2.600170502983802,0,-0.6047850593898929,1.5119626484747322,0,0.09979311184130461,1.6989168796397711,1,-3.524218676234539,-0.9572044782629768,1
3.176331131915717,5.368072187144689,1,0.8531783236452279,2.081380086255391,1,-0.2137149228767887,0.9245493402713251,0,0.46101282411307687,5.963517883148619,0
-0.9516219763735234,3.8955559722482658,0,1.5453061031308422,1.8624133279693305,1,1.040963182040474,1.6464451223772152,1,-1.0930596465390279,2.84012059147246,1
3.33199233263128,4.9317272877866385,1,0.19694506148808022,1.2824329585270342,1,0.5553651011312993,1.4764026968346475,1,-0.5057460883700977,4.4068519439903335,0
0.47175212402958755,2.1412050289692446,1,-0.6291171844726584,1.9443368056347017,0,0.1926870670275726,0.809744460246823,1,-1.5054249547920433,0.6211753839048608,1
0.2986027216156459,2.2315424768070025,1,-0.94976255936016,1.5450682783849492,0,0.30968985134887134,0.6124977060011011,1,-1.5289693530590647,0.690766751093714,0
-0.6316602667514939,1.5450682783849492,0,-0.12348502172421678,1.1022181568717129,0,0.16944495328814801,0.6525920498259755,1,-0.7995093919640222,0.7566844302950608,0
-1.5938714841070203,2.867596615595701,0,0.47192839707078926,1.2995466697663607,1,0.957779063042221,1.6888374783111626,1,-0.6051781407835464,2.3138173302107727,0
1.3390677670580031,2.4084621643612696,1,-1.8606465230458624,2.3860325326358773,0,-0.23617996445608455,1.4194182022261714,0,-2.385463510397882,-0.02104229501297608,0
-2.4709202285085006,4.510519191502054,0,-0.10350262285055634,0.9926842464303356,0,1.127987754621453,1.9404215236076767,1,-1.5434009861254443,3.105261893897548,1
2.2629437086871635,3.709628096257439,1,-0.9271188000368087,2.247630440784025,0,-0.5015557516370223,1.3630241954209819,0,-2.029841182662822,1.6381377460174258,0
-2.0359804913959696,3.5060274224717034,0,-0.6363444243548501,1.5168948270599008,0,0.99725872010587,1.517156631061537,1,-2.1660732219483245,1.359723798713583,0
-1.2092892197149365,4.27830088994294,0,-0.2876227150633483,0.9151631842924718,0,-0.016690908223848923,1.3638856434345121,0,-2.6432943795214245,1.6510918510627999,1
0.18778673132235138,2.5434405381634932,1,0.8802315649615641,1.6133624371263169,1,-0.13168724279835392,1.1969429747207525,0,-0.4061128195497547,2.159936429964603,1
0.2609851001233748,2.1139793109993357,1,0.489848076103933,1.320460031236689,1,0.5083070551136631,0.7318680284275427,1,-0.4852217323348963,1.6271202591957308,1
4.564816129490274,4.742297316484453,1,2.960146649467038,3.4240840066082785,1,0.1582521924522496,1.477020462887663,1,2.593229543808834,7.466578173888309,0
1.7720143933736165,3.971756398940865,1,0.1267455305523437,1.205194343146847,1,-5.543217553522252,9.007728524473661,0,-6.722268193893995,-3.015826295650599,0
-4.685137418838389,9.018945121408876,0,-0.13764785479317826,1.502461330284861,0,1.0999019195740507,1.6907197235066087,1,-4.559437486266755,4.778790949003715,1
3.0865781676504214,4.990317989874717,1,-0.8711392691480937,3.8737413734585364,0,0.35837385012212103,1.9402405898331394,1,-1.975666927112401,2.9397974493623407,0
-0.02488969340423125,4.222197081117773,0,-1.1133992622598385,1.8398243906854648,0,0.029756454861746932,0.4646584874565098,1,-1.627372312130911,2.691764705882353,1
-0.42997125981579126,1.8398243906854648,0,0.2796217150131854,0.8775120487405657,1,0.6528243721098922,1.1175083869797806,1,-0.318622466273473,1.5469613259668509,1
-0.10002728016731835,1.9641720469218877,0,0.10924981791697014,2.348871085214858,1,2.6071144448232753,3.486759859074895,1,1.447191011235955,3.4558621321844347,1
6.962399854333576,9.25892206846322,1,-0.33821152046286057,1.9101505998468475,0,-0.39912917271407833,3.242124135575856,0,-2.324400922146317,6.8706176382107245,1
-1.8888794350378626,6.368586743810091,0,-0.704943279179229,1.3187861961260654,0,-1.0483782898329148,3.413781806268429,0,-6.733198321398,-0.5144422421664476,1
1.2537145088172137,7.476736871787086,1,-1.2554094005741463,2.4422640215947555,0,2.3511549723457326,3.077757293135235,1,-0.5884693514271953,7.146081617912604,0
-0.6812631218132739,7.386777496893611,0,-0.6948190665256888,1.5946313359083357,0,-0.5454743018580898,1.5299358904704987,0,-6.463056597618659,0.6096491228070176,0
-7.692639665105841,10.804220702155666,0,0.7504909754044702,1.8844103619190125,1,-0.784204542818032,1.7215377833460939,0,-8.244475019348181,2.8234840636970295,1
0.16599644627326288,1.8844103619190125,1,0.38287341831255545,1.1252743147966568,1,-0.4906976744186047,0.8093023255813953,0,-1.1446145308236602,0.732799245994345,0
-2.612410701778961,3.1657094831208856,0,2.3884319320879595,2.685786911584854,1,0.007024280596595566,0.5385281790723266,1,-0.9103576405016257,2.3115288701323613,1
1.899235030335004,3.9423515023620537,1,0.5955323305792906,1.0733705246804603,1,0.505428678397604,1.0716959940097341,1,-0.47548702797525616,3.450095969289827,1
1.525316008756444,3.554362921639244,1,-1.1454275644592842,1.3749768132071971,0,0.0164272974748897,0.9832910917112551,1,-1.868429509250333,1.6549362754422674,0
-0.9042849193099611,2.3534594694861806,0,0.2761008938181478,0.9265758809490383,1,-1.1476557032890133,1.2876137158852343,0,-1.873248894343205,0.48847576591103103,0
-3.404464411062755,5.313772286957742,0,-0.08727272727272728,1.9830303030303031,0,0.30572877490112343,0.8759372042802029,1,-3.7041356628023605,1.6822660098522166,1
0.9163636363636364,4.591515151515151,1,0.016818028927009756,0.7592138772764404,1,0.0,0.5379830439272762,0,-1.3546213702789904,3.286303343434845,1
0.12253135361107108,1.0234971889865936,1,-0.08641797493878726,0.36007489557828026,0,0.36272790602704846,0.39395613634725796,1,-0.33210684761313136,0.692768176112774,0
-0.23524893177780978,0.8737817466032934,0,-1.3668631933582,2.3150042112862472,0,0.11708173768812352,2.053808815279167,1,-2.425386508638199,-1.569241894660721,0
-4.877872698832872,5.32306581638792,0,0.5694040237884348,1.6753131722130836,1,-2.151484650226472,3.0095621540010065,0,-6.281063170784412,-1.0244186931054593,1
0.8933316462102998,4.119954447678096,1,0.23087154006374064,1.7039323446008683,1,0.2928587519711647,1.7120973192160396,1,-0.30897266588592925,3.905986235553824,0
0.5646314838515396,2.6449848176867676,1,0.08484304037530568,0.9582272795328642,1,-0.7031366877773899,1.2217623298259612,0,-1.648772059730964,0.9781809888244088,1
-0.39427059939112646,1.864051504716275,0,0.06511558015477473,0.9516892484159384,1,3.045926667500938,3.8293079714679013,1,2.095436714831918,4.024689484202272,1
4.73089734278344,6.073280072128028,1,-0.2702250280986202,0.7413252983236484,0,0.0479570305006714,0.9663341645885287,1,-1.1554945185044871,4.865856109324759,1
0.7341511825334195,1.8915751966903414,1,0.6338128471727674,2.0865973508047286,1,-0.07784304012454886,1.0520604816832968,0,0.5357100528598857,2.4567591071601123,0
-0.23738308882875186,2.8367279115035844,0,0.035691341280605325,1.4395507649844148,1,-0.13559160759313002,0.9967172558161662,0,-1.70698673640949,1.1146076052751688,1
3.0409022771075733,3.5715135508125733,1,0.1200868320169969,1.471063692208212,1,-0.41751245617272553,1.6100756597158146,0,0.20320979101720354,3.8010716677829874,1
-0.8221329268855943,2.681169460994873,0,0.18162766329025498,1.0315519850972172,1,-1.1183705736008742,1.6508172708037852,0,-2.8891980024171664,-0.24829007776632625,1
-0.9011526370939573,3.4322971242286644,0,-0.940114693992667,1.8379242267556641,0,-0.023730422401518746,0.8637873754152824,0,-3.7633179386345974,-0.40696573916335416,1
1.2291999623954122,3.2998025759142617,1,-0.006964596633778294,1.1027278003482297,0,0.006965890356885783,0.6965890356885783,1,-0.346716593856182,2.99577151866982,0
0.25072547881601853,2.1195589088798608,1,-0.35199036657944094,0.7433480767894773,0,0.025559402374700838,0.33691939493923834,1,-0.9251800879151229,1.201278856551789,0
-0.43767223212838385,1.1022856216566705,0,-0.3744969877416203,0.7652764532111371,0,0.40859210833527904,0.8895633901470931,1,-0.8465584056098912,0.2542214758839444,0
-0.9792747319206346,1.9864622828033776,0,1.0712272129299003,2.067280586355948,1,0.6902963393375945,1.106333527019175,1,0.26916026637584983,2.2962384300357455,0
0.213775606089081,2.985810937793648,1,0.44306913285041144,0.8908268279532082,1,0.154086802231924,1.0272453482128265,1,-1.7878892335976102,1.1670296373449482,1
1.0197622898938041,1.980917551632792,1,-0.4873181259137215,0.9491100642795813,0,0.48737261852015945,0.8068465359233263,1,-0.7379052714107827,1.2346840384751063,1
2.9076648179518716,3.7709140695704644,1,0.3721077082675567,0.9945424202787425,1,0.5369941806906778,0.8223425528568539,1,0.660073441618419,4.4850809091759425,1
2.1604799061837534,2.846060168688828,1,1.9934214883330759,2.620366895516457,1,2.5234817989005753,3.148941695883652,1,3.803715971658587,6.759165256627185,1
4.110466014702311,6.510077485154198,1,0.0763423530409704,0.9373144456696921,1,-0.06781097690188599,0.845518118245391,0,-1.9480923632289788,4.441792627950146,1
1.3020612435321062,2.739842225803715,1,0.8875863512664852,2.1101109482939084,1,-0.09335324869305452,1.0870467181146792,0,0.27601377993608106,3.0387682859214395,1
1.1366966715511828,2.1101109482939084,1,-0.1945646099393538,2.1381408730569413,0,-0.6221871953875189,1.250596262728913,0,-1.1748729450011315,0.9182022566343789,1
3.361414112143729,5.408482189058845,1,0.14618419208202335,1.245569417466007,1,-0.42004200420042004,1.1641164116411642,0,-0.8960324240557884,4.530595138306789,0
-0.43454752988765843,4.125197749163947,0,0.2875643500643501,1.2809684684684683,1,3.6736985642095132,4.138926766663993,1,2.3896000793887073,6.754267977237455,1
4.255148005148005,5.682915057915058,1,-0.013502825948573523,1.6483285430450842,0,0.7371244428149664,1.5996758196167724,1,0.5298216650989576,6.296303813911949,0
0.19482648868656083,2.932042205975965,1,-0.3215557908924617,1.2149802637912777,0,1.2057505023960426,1.6540423558509816,1,-0.8906285454958021,2.0422864262907874,0
0.4351593337826129,1.8966015211321845,1,-0.4390084926097042,0.7361539788739144,0,-1.036069867313729,1.0957690604117318,0,-1.6501901140684412,0.2266782911944202,0
-0.9566167590054252,2.99637674213523,0,-0.021292657904415323,1.1846460579547433,0,-0.09094251272227705,0.9868230103906658,0,-1.2181574411032368,1.830315714652398,1
0.9078415051973442,2.3170283192350127,1,0.4831751509922347,1.0948135365736746,1,-0.22898141434186925,0.7289241689882837,0,-0.1641440650468574,2.1700914133916713,0
-0.7017543859649122,1.5377240916498898,0,0.11781520395550062,1.346183559950556,1,0.8912552809769084,1.61081852730675,1,-0.5905211825662907,0.951754555654428,0
0.9637669962917181,4.335985784919654,1,-1.348714416896235,1.7313284358738905,0,-0.9154383242823895,2.2653219550038792,0,-3.1896633028388197,1.0911955879456372,0
-0.8207070707070708,3.4167431894704623,0,-0.09063385849547795,1.432786316215747,0,-1.0617145725151054,1.7508638495840008,0,-1.7100215661201976,1.7585109956333604,0
-1.164741500665291,2.1752126038914708,0,-0.6633887458050418,1.2233668929992976,0,0.15320252194920747,0.8052953076817316,1,-2.051912620799631,0.11782957915201979,1
-0.9931319753375477,1.927729649574651,0,0.609010997674327,0.9834837794158224,1,0.1566753490922622,0.3956052564579621,1,-0.8503698526413885,1.088699301252994,1
1.6240293271315387,2.171942134100674,1,0.28896129082305483,0.8416724846792336,1,-0.1991877779926513,0.4621929994198414,0,-0.05417642164735019,2.123326940946205,1
0.3064153285237763,1.3109921650764098,1,-0.8639684564536704,0.9818701921218446,0,0.1695311586577809,1.013289683931564,1,-1.406905577581893,-0.10725010725010724,1
5.384823533959566,7.847230275619467,1,2.8624344445666923,4.685150548281806,1,1.303146447990017,2.4494161689990195,1,3.376448543724645,11.620735037026853,1
4.646642461583599,5.7120328602339825,1,2.1133794795408742,2.9001840007009516,1,3.4195806595518343,4.371847225558492,1,3.065173999826434,8.955963302752295,1
9.545255410496802,12.750372382370982,1,0.2991425646275915,4.208791911952905,1,-0.7286468215373332,2.0551985841610994,0,-2.0796875,10.480572597137014,0
-2.161185052469926,5.3093805989250065,0,0.48233351318650775,1.6121384542437174,1,1.770026680549229,2.1572200169193727,1,-2.2328999434708874,3.142549490598857,1
2.0977420251467436,4.028711106751034,1,-0.5557958131116557,1.0202937549052584,0,-0.20779973904218818,0.7973710916735127,0,-1.7719117995732236,2.2088452492557686,1
-0.6262713629010299,1.3502474652827832,0,-0.628687493954928,1.1719379695005965,0,0.8761113634888702,1.8187422934648583,1,-0.4432851107412623,0.9181604347473437,1
1.7861172905181029,2.9773994906019277,1,1.5473550839404497,3.07887234716503,1,1.8206212265401958,2.4009734941262737,1,3.008743221236699,6.107292922054657,1
8.26575863161229,9.821032625910675,1,-3.1027370207287994,5.412601120554719,0,2.2813113763408372,3.719595105000755,1,-1.7279846012511484,8.04155444401693,0
-6.675053760294913,14.477976564900013,0,4.61333542270626,6.136488286453028,1,-0.827809603791128,4.274016976095498,0,-4.688628810865482,11.215079324937198,1
3.6120034474653298,7.524876596411502,1,0.45974230234105623,1.3399068416913678,1,0.7361686112156568,1.3774934136243884,1,-1.306822381550743,6.234584599716754,1
1.2355574375415885,3.687012279958865,1,0.6469639015060962,1.2909395170929954,1,0.261298176851357,0.959083080943049,1,-0.7566741599447554,2.9303750209530195,1
2.027551996174994,5.8570404016256274,1,0.22698982206926852,0.9299260452515193,1,0.20751435794765377,0.8125210071753205,1,-2.2141798700558533,3.570566219968611,0
0.260672182763418,0.9299260452515193,1,1.462082262210797,2.055094648282309,1,0.3396709797204911,0.9254594913571007,1,1.7878721700516853,2.7376928728875827,0
0.8208693620004673,2.6335008179481187,1,2.903800733195195,6.023502818309594,1,1.7148891235480463,1.9528335093277016,1,2.860040857726539,5.579506129391753,1
4.499152333618304,8.389723675249591,1,0.06240898689411275,1.6212467928715069,1,0.21761428215008455,1.269647658913869,1,-0.9751748731312577,7.5670441001191895,0
-0.876499549268428,6.127175646626448,0,2.0175450869559133,2.5813943727001805,1,-0.204400790166813,1.6118854258121158,0,-0.28472089139540613,6.133807331429571,1
2.305765813663901,3.27256446490283,1,0.176398194995214,1.7161219745658416,1,-0.9487018482623057,1.6284910862977422,0,-1.0735759171541415,2.169890664423886,0
-2.405305620128538,7.163954601394776,0,-4.171627887430485,7.911804670318125,0,-0.9804208065458796,4.384862653419053,0,-8.008781201723718,-0.978776165122894,1
-2.6209253785703277,9.589981369156849,0,-0.10790590604992445,2.0991295590245307,0,-1.9233816940166262,2.413231713466553,0,-6.270800248567286,3.5153807439491223,0
-6.124739227393713,7.609524494640674,0,0.5257107824354357,3.0822285232584874,1,2.037796860938668,3.283964552096521,1,-5.046454209422141,2.7060821241123802,1
4.762050731856847,6.659514139014484,1,-0.2619103359475594,3.112197120449491,0,-0.3109233837850522,1.8772732605889946,0,-0.532911263740253,6.165338954155172,0
-1.069589137305396,3.3902025049748334,0,-4.348919426652664,6.757096578554206,0,-1.348613495414405,3.4272104424751393,0,-7.728367826768453,-4.517533979124427,1
-8.440453826013638,9.875301391950062,0,1.6860737415009934,4.228104459051341,1,0.8748906386701663,2.7010260081126223,1,-6.018525314504646,4.192230702882158,1
9.614173355512849,11.96401750674268,1,-1.2337490050411248,3.182394386957932,0,0.8745354962914321,1.5252137836345456,1,-1.3569416735124986,10.669848584595128,0
-3.4742489903009934,5.47153680610831,0,1.0583869144890572,2.2939352749820547,1,-2.9799773328296184,3.8458632414053646,0,-5.815469823733681,-0.39822117544974195,0
-2.550513920918796,6.565664279059822,0,1.2019682818278694,2.86466495330032,1,-0.06967346370012541,1.1147754192020065,0,-2.8965496540649247,3.800616055958416,1
0.2961825362000878,4.7185482354416095,1,0.9045885606261815,1.3920352461449528,1,1.4360960495739736,2.0588690937257943,1,-0.593696518091084,4.156087342897042,1
4.969768931523115,5.946224631680909,1,-0.5296988453755506,1.975955243423402,0,0.16456965036429735,0.8617465328166843,1,-0.7468977859287416,5.173413575313054,1
4.002499702416379,7.150934412569933,1,0.8914135271645036,2.5984060438695646,1,0.4452826977891856,1.3684643419317326,1,-0.14884922696698635,7.077567123947777,0
0.15453075591294768,3.312395369800684,1,-0.36857669395277076,1.5157359390848442,0,2.7171964841341536,3.2104500939189284,1,-1.9197451517353155,1.3587074230763676,0
-0.8257260818011685,4.845783511193017,0,1.4134224706797685,2.243321903005504,1,0.8879985223704587,1.1409005015415654,1,-1.329542603896647,3.5663087680290224,1
2.0127942829150216,3.9247327320404577,1,-1.36924359535955,1.6207661546722436,0,0.5544492041433259,1.053023682287712,1,-2.0031569977789263,1.8732846376138128,0
-1.2236996424988342,2.622617247664938,0,-0.051477106986587355,0.8121943546772672,0,0.4392114223582935,0.6366419640046926,1,-0.9488361601037658,1.7126807869934708,0
-0.4590042039637372,1.083879085995367,0,0.9710411399678235,1.2468398069409332,1,0.5219741146351871,0.8163845825629356,1,0.2530421926532469,1.345098151927112,1
2.397437370719375,2.581303148701448,1,-2.34375,3.360637342908438,0,0.538638322321172,1.1505314564780236,1,-2.162737599977588,0.36353708653044803,0
-2.239957360861759,4.5205902154398565,0,-4.542715298304015,5.298877952191006,0,-2.496918312738643,2.9719491296112563,0,-8.3328657989228,-3.992772464853907,1
-6.0622148248055785,7.40522857060866,0,1.0951413602969253,3.0593697973148415,1,-0.6481145757795505,1.6225525743292242,0,-5.406995093679167,2.156634905879619,0
0.7896625987078248,3.713094347115517,1,0.13942774005819591,1.955019398642095,1,1.964407421431276,2.2355168496781523,1,-0.33461802754623404,3.421121979197346,1
3.8706353055286127,6.407613967022309,1,-2.323341408598698,3.409124076938794,0,0.05975946814073355,2.483005901247479,1,-3.4877682898684514,2.7803379416282645,1
-0.9704912290943054,4.039578529523364,0,0.25791808521613535,1.130418122061576,1,-0.6056863955779013,0.7865102466848961,0,-1.4585484316605348,2.674282943680965,1
1.571089593373716,3.2482940560934987,1,0.7009447516217511,1.3394865543413588,1,0.08358794027785783,0.3833515881708653,1,-0.4520665901262916,2.799513901238959,0
0.6545053477875978,2.107187948974705,1,1.9701165339794622,2.536921656859352,1,2.054930135203937,2.9869321717485997,1,2.6226710283032286,4.786662406692033,0
3.284008307372793,5.311814930194993,1,-1.7159292406070676,2.1655054940452088,0,0.3579647149066735,1.8651098042558028,1,-2.824509318819066,2.356926729691775,0
-3.473744467559304,4.929980592826326,0,0.3299565846599132,1.5629522431259046,1,-2.3604097532823545,2.5768287404414947,0,-5.398059876233484,-0.5013413078851313,1
2.2141823444283646,5.308248914616498,1,0.1472295365100937,1.4340723123531245,1,0.004240582373312602,1.949254364266026,1,-0.41321152494729446,4.999851812335141,0
-0.8819615504402729,2.451938050341176,0,1.0697096502377925,1.7552378640083406,1,-0.9100672658413883,1.360861454977107,0,-1.1474742940508087,1.314068003738049,0
-4.097459261057713,8.577671774803981,0,0.46465910106335445,3.198999195782325,1,0.367603462587454,1.016838610221748,1,-5.158908417092482,3.57350912156983,0
-4.60489083489709,9.86209156167158,0,0.7448586017895344,4.292696637986227,1,0.18137847642079807,1.52698973738877,1,-4.975710290004416,5.288053761336204,0
2.670247817736067,5.773044550976748,1,0.9019285757741681,2.828983391129768,1,-0.17485679831172746,1.5330117576123004,0,0.3795988399459451,6.3495383031434,0
-3.51341485672568,6.935572184705238,0,0.10556667244394724,3.4269777994863473,1,-0.5429137947313757,3.2055518836748185,0,-5.721973094170404,1.1742059672762273,0
0.5719507775694456,4.288843020782454,1,-0.7662054809545448,2.0541827924977674,0,-1.511108303990147,2.3716663245487988,0,-3.089660743134087,1.1888928536672398,0
-3.984581877438461,7.77800410523182,0,-0.10611205432937182,2.254473031213269,0,2.054022255992941,3.5965815317744334,1,-3.680611423974256,4.332015015417616,1
3.687802011231553,5.472117017108529,1,1.6721249527648319,8.755825670739387,1,0.28028989098116946,2.0146803766105057,1,1.3118943005827177,6.894624362978793,0
0.486522232019146,9.253369441995213,1,0.2192742023900888,1.7964822152959419,1,-0.08904997734693558,1.1342155009451798,0,-2.5554911000519036,7.048583742809707,1
1.7902172380847965,3.624289316647611,1,0.269321924343624,1.6374773000092337,1,-0.06136663496057194,0.9711269982510509,0,-0.6508785332314744,2.9903699949315765,0
-0.04309150789497984,2.1791991135461233,0,1.6566334621483887,3.014580222013518,1,0.11964983491351891,0.8875291551812923,1,0.4565515142291888,2.668989330264099,1
2.9314406244707545,4.150821388431279,1,-1.066646720023936,1.6635500037399955,0,0.013608528010886821,0.7288122779163831,1,-1.6448297913475411,2.4633976295607716,1
-0.6343032388361134,2.040541551350138,0,0.3448120096968967,0.9696896691912729,1,-0.9528668537386894,1.1254332918173495,0,-1.2395648874272704,0.8065373574130048,0
-3.24334091217081,5.274569737852529,0,-0.38285554206741995,1.3789024807794066,0,-1.2982752155980504,2.3075240594925632,0,-5.386462263447514,-0.1715076942442647,1
0.3719612786752576,3.892364677685436,1,-0.3395980647562337,1.138196253566555,0,-0.7498794281002535,1.3177341817446364,0,-1.761480256103912,2.151787847415784,0
-1.152152338419551,2.305855352933879,0,-1.2847864964076177,2.349951369497694,0,0.23040742388609928,0.8628360770355303,1,-2.77344774898523,-0.48968502195684455,1
-0.4972861042261475,2.349951369497694,0,0.7379724679502342,1.4081397732469212,1,-0.3193437798406412,0.9345501792395235,0,-0.5445753720482606,1.8428010576075633,1
-0.5030196950344545,2.363719507387609,0,-1.1235064811586855,2.2026431718061676,0,0.14103016122311612,0.9583640501298119,1,-2.699424661794433,-0.37732244352103933,1
1.1504452825404874,3.830063702342091,1,-1.102601450296794,2.560729220504628,0,-3.1279695913842254,3.913525498891353,0,-4.6213053707483525,-0.8888673013405868,0
-5.038450093188617,8.842738335760936,0,-5.230073748989458,6.111101945191467,0,0.4424470457079153,2.966485507246377,1,-10.492320054393176,-1.9367508634116612,0
-3.8854333371830196,7.0713236871195,0,-1.089717188358045,2.685680944535969,0,1.8612638554007874,2.6383805443286095,1,-3.7097357944263485,3.5946902654867254,1
1.419206479956068,4.617998352553542,1,0.15911706953754487,1.9821924300900535,1,3.4756602402717,4.0281837689877165,1,1.6956543615718764,6.502494203611326,1
6.4984088293046245,7.63592660301984,1,0.13829939434403166,1.5753413769532802,1,1.2175956058609687,2.5082151985141206,1,1.1888222292390276,8.947967838990973,0
1.576931025164131,3.0791485844182684,1,-0.22065382388382027,1.9326771099043831,0,0.39523212045169387,1.0821831869510665,1,-1.2197390037506588,1.8375009986418473,1
0.18779048841176196,2.625936996291138,1,0.8153192552792702,1.2854554542046732,1,-1.5182029434546864,3.3415956622773044,0,-1.6201160541586073,1.0024306162327037,0
-1.3432462826440086,4.36242659002874,0,0.8344020646305357,1.7210532149020727,1,-0.2073092205487412,1.575235971290814,0,-2.8208141895501653,1.5066964285714286,0
-1.3283934197818206,3.3423581753985974,0,-0.16048788316482104,1.47969828277965,0,-0.29422167915367053,1.0032476928518603,0,-3.3577163801270404,-0.08189087639294776,0
-1.8119082009308298,3.407157759589151,0,0.15373795855617162,1.0483620365372976,1,0.18948056190787324,1.5436131983012087,1,-2.358879928884374,1.0464409508320602,1
3.159805701388548,4.538540797801875,1,0.006341958396752917,1.9041730086250634,1,-0.3995687194773894,1.0290480116699436,0,-0.6166317084325569,3.9317874459873994,0
-3.613330796549975,5.866311516996448,0,0.3421108899817431,0.7253408773170611,1,-0.4031531162424819,0.9374129369540635,0,-4.981526707996744,0.8608082956660462,1
0.02796098620043093,1.611868616260136,1,-0.04275401641096476,0.8123263118083304,0,0.5592657170115473,0.9046945422245616,1,-0.5402414814332672,1.0715348744915172,1
1.0672060250275435,2.0521927877263084,1,1.4337792533281255,2.699931647300068,1,0.7993066255778121,1.5376219825372368,1,1.5699780106066485,3.6617161716171616,1
2.4216385118640757,4.371317905152491,1,-1.4686014908530287,2.5986617289444824,0,-0.07258649891120252,1.456569078151464,0,-2.9979194250047287,1.2903650548075973,0
-2.183829489645088,3.126341052497735,0,1.0332726800103977,1.5174161684429426,1,3.3941089459129206,3.8169657212682484,1,1.105033690051526,4.359494665182955,1
7.619573693787367,8.365284637379776,1,-0.03774496482169279,1.512818190053447,0,-0.32336541803291075,1.4415449009504526,0,-0.6514118939086218,7.69055151495385,0
-1.4826222181960926,3.2732433493371986,0,1.806841169619322,2.101085024213817,1,-0.14150446341206402,0.7210706167487092,0,-0.5541742803223197,2.7833679061271246,1
2.760068656899405,3.606019738858579,1,-0.19535036311307952,0.6949104519900386,0,0.27959690200651893,0.7610418348733591,1,-0.7320470644023591,2.8543352423651522,0
-0.19236791482127677,1.0856111782161977,0,0.5588512170703644,0.6634490384471706,1,-0.7281156663744298,1.2585999375900858,0,-0.7834874092979776,0.3000165009075499,0
-0.9682769750310058,2.6194282981934465,0,0.8618217493019396,1.8021281412723567,1,0.2813486778108678,0.8425494979123329,1,-1.0612824075442693,1.5705376246187464,1
7.766960984076674,8.1895705984454,1,-0.8119269265766081,1.7260446559809617,0,0.08044938745554113,0.8440128719019928,1,-0.33146853146853145,7.853315979053788,0
-1.8184363407293342,3.92244697977182,0,-0.6271826669517497,1.6107191219442663,0,-0.008606469196012337,1.0643333572401923,0,-3.2574557380694293,0.662270808028226,1
-1.478155512793101,2.5229848193286295,0,0.7794536593830892,0.9472024988792642,1,-0.6256188030018224,1.4363404169835416,0,-1.750909425469575,0.773820758141088,0
-1.7440094864860958,5.323133432632933,0,-1.1249355812412574,1.6903482294044025,0,0.34245555522468063,1.4144903367975938,1,-3.644464754941163,1.7017620547759373,1
0.9320474122064345,3.873960097180299,1,0.26696231892514843,0.5514303636814541,1,0.695434573864463,1.2424709750632874,1,-0.17905102954341987,3.7629647419059484,1
1.059096412785015,1.5711388933463653,1,0.04618404341300081,0.8154370165107955,1,-0.41119014297874795,0.7949676097589127,0,-0.8838746766312159,0.6744230179700159,0
-1.153157833968364,1.9685948504791595,0,0.20592659666136026,1.374304450059149,1,0.24191902999213033,1.090092978518756,1,-1.3035971223021583,0.6721850416813432,1
1.3450950037242044,3.470082224591433,1,-2.4869166558539857,2.998716895174661,0,1.0114752158996807,1.878031468117828,1,-3.5126981204232237,-0.1524367900329791,1
-1.493591684327379,3.344722690771737,0,-0.6715730024726762,1.4104496173935945,0,-0.18990416464249438,0.9922124571243505,0,-2.39667400342382,0.9733156727635319,0
-1.1456245336298594,2.569242249111153,0,-0.017760412041559363,1.3719918302104608,0,0.8970734090269862,1.8074696904652643,1,-1.063149944809156,1.5261714558244903,1
1.1425865080069857,3.5802030607110082,1,-0.2487926240304405,0.9132152787940875,0,0.7525193997447596,1.679599829839668,1,-1.3117772280075946,2.245734296997243,0
-1.248353578223328,3.491877652568418,0,0.13337878091794242,0.537961083035701,1,0.21161672216056235,0.36108028116907137,1,-1.9402985074626864,1.571505763688761,1
0.36456866784237596,0.6268802703143294,1,-0.05315850093027376,0.3691562564602345,0,0.503796944715303,1.3459208698992406,1,0.12240082583689722,0.7508866695356671,0
0.04429875077522814,1.6597265290452141,1,1.670996693434105,2.323452999527633,1,1.1128845037724897,2.23592571096924,1,1.9896206417659528,3.6934647225814126,0
1.560285781766651,3.9531176192725552,1,0.2805314107968255,1.0000290706125177,1,0.6058761287704193,1.2595845834963981,1,-1.8998690726931178,1.986980322532919,1
2.5669350853222475,3.664350707869415,1,0.9001219062739205,1.2757633317268167,1,-0.17267277806634565,0.8226524223323459,0,-0.19979176632805243,3.4703076451796417,1
0.8122359878660732,3.0604144813313297,1,-0.13219142443291285,0.5990802851959668,0,0.16191709844559585,0.7053953593151611,1,-0.8333449462785155,2.242816091954023,0
-0.4697014442616265,2.1277194166701827,0,0.42814147037628403,1.082364245241695,1,0.36855209666755756,1.8765209807424497,1,-0.6086920102193246,1.5360260140338868,0
-2.0417967811674274,4.944115527546594,0,0.3130364535999192,0.4673908339464232,1,-0.4645543586129529,0.47462210013088063,0,-3.642858135623845,1.2826880934989044,1
-0.021638464534556628,0.5597149492938648,0,-0.027414653853923183,0.38380515395492454,0,0.2930096274591879,0.6870570574905097,1,0.2775460899076764,0.8402024584237164,0
0.481920757221597,1.022999451706923,1,-0.5427213599620956,0.7552154374075722,0,0.07796145239298347,0.4908684039558219,1,-0.7087628865979382,0.30955721745671266,1
-0.2124940774454766,1.4271561687892145,0,-2.834287687393894,3.2054786637124852,0,-0.4295723533158542,1.3509309869795139,0,-4.522068778770647,-3.1500730053633643,1
-3.1651943717089175,5.088769314879292,0,0.1961192167117345,0.9835675868421835,1,2.5680564616570782,3.3761342743609513,1,-0.2660033358256168,5.077941555195347,0
1.3921492883249635,4.5998870828752265,1,-0.7752051582649472,2.041324736225088,0,0.4651712273136731,1.8680685795295124,1,-3.236819175225335,1.240453737053698,0
-2.208382180539273,3.2107268464243846,0,0.14828128510447092,1.0439601587658205,1,0.6401340093627077,0.8405497973407517,1,-2.0326450688995075,1.2076930044382717,0
-1.1518010933872538,3.5617464240245638,0,0.051519054473823774,0.653079778771119,1,0.3572888438072457,0.38605362360528667,1,-1.5063731170336037,2.100529752371566,0
0.28335479960603077,0.8894613228274869,1,0.06497333071425335,0.45481331499977334,1,0.6372215930539826,0.8546621366553417,1,0.19272754648799217,1.0861639423953333,0
0.666354391743854,1.365950952690349,1,-0.7249857404460989,1.4334604184803819,0,-0.7560179025039313,1.318495221966856,0,-2.048898586245031,-0.7074685653688835,1
-0.2206478340488127,3.2932064483203747,0,-1.213990221887928,3.774351259872132,0,-1.2030212584516051,1.414692087470305,0,-3.0359797799583705,0.23360895091138226,0
-2.000752162467093,3.8014291086874765,0,0.2579020893139497,1.4061804393546307,1,-0.26336339555038357,0.7686536311993752,0,-2.092880001201941,1.7709895052473765,0
-0.2993506393822631,1.5934664804040468,0,1.3734275640137343,1.7368007760173678,1,-0.791144045919762,1.8829531995019286,0,0.3835499680375027,1.9949276258814799,0
-0.15705113400157053,2.9855112630298555,0,-0.9901142795453495,1.290849925201647,0,-0.9982402317287777,1.3252768131063803,0,-4.0222707095026715,-1.137702275404551,1
-1.1397109853333538,2.541601764315788,0,0.5412065631043733,0.8827749703662112,1,-0.31025549540046227,0.45452430076167727,0,-1.1506984185588578,1.4205442262769115,1
0.18248175182481752,0.8952523551063697,1,0.2179157911121488,0.3829091758113472,1,-0.191047187101985,0.239197291168339,0,-0.24034361383758973,0.65553765039035,0
-1.698186629309674,2.1075570083274964,0,-1.2002786926779834,1.8590068406384597,0,-1.9615064369435726,3.7420739127650036,0,-5.169793766475422,-3.1360871768879877,0
-4.592095262224475,7.673549531289588,0,0.6307053941908713,2.2721991701244812,1,0.9215906093379056,1.4557504616196255,1,-3.6175792234052637,4.372519501847544,1
2.5543568464730293,3.6049792531120333,1,-0.11165409883815011,1.5178484740606493,0,-0.3676827885581004,0.973468528296997,0,-1.5962817533456206,1.952742307756173,0
-1.6036117673711123,2.885206640991618,0,-0.13975665899375206,1.096678724103913,0,1.332301307598564,1.7917723395145086,1,-1.8908706650869385,0.9921714050267821,1
1.3186451825057546,2.8970733311410717,1,-0.5437517245856937,1.5971692447532018,0,0.22524728234257174,1.0593151176835438,1,-1.6157758772844695,1.246676904278331,0
-2.1003424824295154,3.616354753363957,0,1.026329751956493,1.2136888181456427,1,0.04594834093668975,0.5136368111851389,1,-1.9388264066547602,1.7071908949818935,0
0.9401114206128134,1.3562806738294204,1,0.8656088827568083,1.7213626359186625,1,0.1384139390978668,0.5390001628399284,1,0.44670615570900285,1.8094069258325594,1
2.946683748891298,3.795867415656516,1,0.852000765843385,1.9720467164464868,1,-0.5616111119900017,1.1453702678331303,0,-0.19545216189159556,3.609369844935665,1
0.24411257897759908,2.1204288722956157,1,-0.4632135239247398,1.147687115978479,0,0.5198669140699981,0.9613538934032887,1,-1.531491989842305,0.5635155687184823,0
-1.2559294514660468,2.3558625959058928,0,-2.0484801598813784,2.635141669084228,0,-0.7865982095839916,2.200171142706688,0,-5.190552277293509,-2.917496881631595,0
-3.068690971214905,4.6127067014795475,0,-3.3208676140613314,4.23003407296601,0,-2.147745640884548,2.8665268081301374,0,-8.026239629558171,-3.58984730508646,1
-5.185739217152829,6.119837114601513,0,-4.611607925653165,6.926179203927757,0,2.0593913762986116,3.679323342833502,1,-8.849908985603177,-2.9357862832170296,1
-0.6978783096615817,6.926179203927757,0,-0.02648679191976268,1.6404153128973018,0,0.3427743519974557,0.6961499726133894,1,-1.248695652173913,6.035480859010271,1
2.8588077412063853,4.315581296793333,1,-1.5123684617101265,2.332927059550581,0,-0.7510150028751155,1.909773650002614,0,-1.962795787170018,2.3124687745342944,0
-4.161159081935694,4.655554220383499,0,0.01790446179187854,3.0688247511279814,1,2.3452325539761536,4.405814744530775,1,-2.2672438869971425,2.488829873136069,0
1.5362028217431785,6.989901883549381,1,0.7072684621761293,2.534525636277052,1,0.1891054262751484,1.474321934478472,1,-1.4501718213058419,5.635774274348019,1
2.356385699419722,3.4887207436019545,1,1.626800854759771,3.62238919142483,1,-1.8203698367768943,2.145799081340362,0,-0.23851195991626342,3.266429840142096,0
-0.5083752671124285,3.9756669194182117,0,0.8388214904679376,2.2391681109185444,1,1.012010102919194,2.49652067833886,1,-1.1015994214500748,2.8905375139977605,0
-0.610051993067591,4.235701906412478,0,-0.40108117534222687,1.7665010027029384,0,0.7897455653422523,1.773863099094682,1,-3.570468445460044,0.5589430894308943,1
0.9486441712442235,3.4667364199145525,1,0.45072271055312835,0.749477610651562,1,0.9867968642552606,1.6246045935909776,1,0.3894839337877313,3.91858676239147,0
2.277790249883434,3.574697359559293,1,1.3854903218185193,1.8107565350929005,1,-0.7386089531382564,1.3524528804085638,0,-0.40599468698310864,3.161829603862728,1
2.6427257539193683,3.6569519212919994,1,3.399806007200749,3.9883604320449804,1,-0.09541832986116633,1.4885259458341948,0,1.97968220890857,5.709030156774727,1
6.480674700379765,6.97223272559883,1,-2.7965224910823205,3.4805972914961627,0,1.4551924635010407,2.9183281173050344,1,-1.7697070511043342,5.095163549476807,1
0.49722818449945183,4.566160688089687,1,0.31960172707856366,1.7424440312840923,1,-0.8655024509803922,1.441482843137255,0,-0.9968961668424996,3.691189187457964,0
-1.521181297152779,3.4403282063889615,0,0.8798202920254585,1.8345189067764882,1,0.3153647564425619,1.0125682130876374,1,-1.9099033706845712,1.527625606511191,0
-0.21839510794958192,2.9342942718083114,0,-0.42984197445957145,1.8100254779061224,0,0.6530509725122055,1.6718732829939873,1,-1.0551698715979603,1.8884337387508503,1
4.264032386638948,6.507025962455256,1,-0.14541638557829248,0.8695000374784498,0,-0.040536279970573665,0.6575885417448617,0,-1.4140455933359024,5.069270018798477,1
0.6746120980436249,1.998350948204782,1,-0.6580906437972723,1.1985587517122267,0,0.2817619111850486,0.5964959609130285,1,-0.950944289158052,1.0409751976344215,1
1.479959502114228,3.768387826811983,1,-1.3495672583247762,1.945137157107232,0,0.5174798138262279,1.311543666076819,1,-0.9698086712304722,2.837482721431501,1
-0.8918879272407217,2.7915505354261407,0,-1.456461568064416,2.2379775314160537,0,-0.09911844654361963,1.2434859657290462,0,-2.889641678591245,-0.11414324977847198,0
-2.3933926377643906,3.4398543538431934,0,0.1819753423411128,0.982666848642009,1,0.9006281692272762,1.179141754332854,1,-2.2943224740321058,1.1749068019311864,0
-0.8598334925617578,3.0253400664209997,0,-1.9139268393433593,2.7553814849379616,0,0.2558023458946843,0.8890691290242076,1,-4.482059840267016,-1.5556613480350752,1
0.6624542937135688,4.147606444012668,1,1.6962033012128765,2.655257318296501,1,0.7712889194481398,0.8669526613951959,1,1.8114462841158239,6.163282038345106,1
3.232817582150348,3.802778368848223,1,0.1589357193312927,0.9477278078643748,1,1.163781702765451,1.4929320833455784,1,0.30638871785850413,4.125578280983686,0
-0.08829762185071816,4.071991994348952,0,-0.3950646402405767,1.801376829753674,0,0.5595026642984015,1.2966252220248669,1,-2.0373465506310877,2.030403529570659,1
0.6294500051594263,1.8190662912569835,1,1.8742672919109027,2.4662954279015237,1,0.172569998705725,0.907430576527604,1,2.2050426073969955,4.085649528808302,0
-2.1395076201641263,5.233001172332942,0,0.2546244289672733,1.6700366958735866,1,-0.4392452153646183,1.1220175399279877,0,-4.806044332723949,0.3100308525848446,0
-0.8896877106268254,2.5177862652587435,0,0.03627021308750189,1.5581079038839354,1,0.3504849382119225,0.7961446656796689,1,-1.2749503605392414,1.2664236929956203,0
-2.3545413329303306,3.4864742330361196,0,-0.47978703646381476,2.1745186652634185,0,0.4589725238821296,1.0050720353486635,1,-2.9230400814200617,0.5487776520377633,0
1.0539837801027674,5.161579892280072,1,-1.7796701024612134,2.9589695679475594,0,1.1654757075545292,1.4229101007894656,1,-1.1896046852122988,4.105538862018543,0
-5.930191597874198,6.706691375798325,0,0.3370292580471841,2.4129341083378106,1,0.3895661207330336,1.2027853977632412,1,-5.469274424848965,1.2980431264202457,0
-1.216236018170273,3.7643074618603363,0,-0.5686594471641201,1.3812655557203843,0,0.9001243265644425,1.614587650227932,1,-1.8004537336486943,1.993683049516202,0
-4.165224414445598,6.457993373881224,0,-9.362368199253487,14.84940743416413,0,-5.588871598284435,6.902114092686075,0,-18.45823850146546,-12.8685154404689,1
-7.09186920549736,14.969812683833014,0,3.739822353811991,4.250555144337528,1,-1.552351723645707,3.088644636357148,0,-5.981468771448181,10.52302478972104,1
3.7250185048112514,5.701332346410067,1,1.6253925206965458,3.0456037681986867,1,0.5389179510585261,1.5430256644314153,1,0.46794489817378804,6.202641865979954,0
-1.627176705680845,5.654082215244077,0,3.7618805775230357,5.307262569832402,1,1.0627141159197373,2.5501643011955535,1,0.3775741725410049,6.2069344670869375,1
11.911412609736633,14.47616629180875,1,-1.3801370417766836,1.8401827223689111,0,-0.8031798695859271,1.6654895455217384,0,-3.4593250330787995,10.614086359319062,1
-1.414154504073996,3.513517891565289,0,0.026297623352289537,1.9821833601788237,1,-0.3138401879754843,0.980955980216566,0,-1.6180758017492711,1.964042906783502,1
0.18079616054699058,1.9821833601788237,1,0.5283885789300952,0.7843780767968495,1,-1.5456177574669496,2.7305369675208095,0,-1.5697182640379985,0.3998672639787622,0
-3.634722678043978,5.830324909747293,0,-0.07323137709050036,2.3910896147688954,0,1.4825670563375482,3.155993319927746,1,-3.4347320100859897,2.4487696133070394,0
1.096767601076331,5.141523893865594,1,-0.20383753642964236,1.81095331951955,0,-0.5096788348269287,1.4902199044774105,0,-2.5568369028006592,2.5432984865033545,1
2.120921143511733,5.298091339431613,1,0.52799181612685,1.4305278268186843,1,-0.16741071428571427,1.9170168067226891,0,-0.797077922077922,4.540244632623386,0
-3.1514511525071365,5.532364248354151,0,-1.1040310764302996,2.2659897093399666,0,1.9174447851703822,2.40326637494401,1,-4.868223074309567,0.5884768030655536,0
-1.9371656387364977,6.326029917879169,0,1.572381680450344,2.6617555076794774,1,0.18473854364448095,2.3006790852021006,1,-3.3115570332993602,3.083472870426449,1
2.3055806518868582,4.755368684411703,1,0.6521406857666899,0.976512745614184,1,0.25310475161987045,0.658072354211663,1,-1.0126836115706623,3.731787615578593,1
1.025762953653856,1.4876959394052611,1,0.12439692705969371,1.6373325264343468,1,0.8292208010205795,1.3848323093967168,1,0.46730537317432663,1.963350785340314,0
-1.776858809487787,3.121690453376368,0,0.13518138261464752,0.9017796030116358,1,0.4357261247714574,1.8385933735454436,1,-3.0512186623749398,0.030814530763173212,1
1.8086926762491444,3.0578370978781657,1,2.4856210689179643,3.4105815478793176,1,-0.6268357919955366,0.9533811391345728,0,1.836293203199678,4.982366364705069,0
-0.7567858464229256,4.828293700178265,0,1.2099234054090695,1.572561512912628,1,-0.41682011449998324,1.322441327128461,0,-3.096509507684293,1.6549109353918672,1
3.638243069206263,5.120992340540907,1,-0.25339632820546354,2.386829930193399,0,-0.26716055857864024,1.1637055005572674,0,-1.5120152656942334,3.548354189336235,0
-1.2849646062548024,2.684366263957233,0,1.1476740142092974,1.6743123064438665,1,0.01637143512000262,1.0412232736321665,1,-0.45753549563631624,2.2769096931776356,1
6.130864647334515,7.684281999900635,1,0.3962867618378969,1.0546844527654264,1,-0.18805756737434334,0.8858910198626092,0,-1.3417861759093987,6.2437860409624175,1
0.12325454403619626,1.422887900772291,1,-0.4207180254300673,1.2013836948391923,0,0.3552814862347988,0.5039675707824018,1,-0.8588348370694199,0.5629461898921282,1
0.13400648217402145,2.0085390177013216,1,-0.9198729921553979,1.3945959407296724,0,0.2765165202909708,1.448569498342472,1,-2.230311967190452,-0.255429842981164,0
-2.1728302826547132,2.608641514132736,0,0.13052752220559677,0.8961828658750121,1,-0.7264807808476139,1.3591708263122755,0,-3.234008247806269,-0.652596058956483,0
-5.404157779121964,8.19139791792684,0,-1.3628792085205188,1.8945703565359313,0,2.1373863500673798,2.824829844941405,1,-5.167942311341641,3.2329144431055257,0
-0.6730267696397624,3.9473020039372066,0,0.9621736994562363,1.492385614825606,1,1.1275167785234899,1.8590604026845636,1,0.20261741845479306,4.265026094770677,0
0.5623973032032931,4.202734063998103,1,-0.1111803648737429,1.5043040277614002,0,0.4807854516009312,1.059414960018894,1,-2.673989081756072,1.4394984753241,0
-0.42113774573387464,3.679059346731129,0,-0.018608427926175293,0.6174614720958165,0,0.15904976227136597,0.6937276865027664,1,-1.210249561806193,2.527676235685452,0
-0.24698458883832658,1.152030856156852,0,-0.8564112130513677,2.172401512710499,0,-0.8808688959206362,1.0946720259984606,0,-2.384277565580253,-1.2527659574468086,1
-2.8100462970814184,3.145827327149083,0,0.46440169000314263,1.4490729424910087,1,1.259927358670907,1.9793893262429836,1,-1.1327463596342702,2.0732453456865656,1
3.238590732916652,3.98058591431265,1,-0.047350886983579386,1.5642703735646764,0,0.038912480755240494,1.0641717563063595,1,-0.44604534513810573,3.5269818487336124,0
-2.773409094752507,4.0603385588419325,0,-1.3511633568671095,4.0221889889750635,0,-0.4512126339537508,0.7631838691483361,0,-5.317458990351655,-1.3570955715828716,1
0.782527040656627,5.070775223454944,1,-1.4178769793355643,3.044468209887191,0,-0.7856380465783627,1.4487935469195639,0,-3.185344680269319,1.8920182727240027,0
-3.1324386794080104,4.598613171421672,0,-0.717349899428612,2.753698001032414,0,1.6754470845428808,2.420886643013296,1,-2.50878847637829,2.1617639130981687,0
-3.9587746310899092,7.899749016536428,0,0.6080041522234786,1.1919105789015143,1,0.5803990934718921,0.8641497613914837,1,-4.223992699705181,3.865184790469303,0
0.3707342391606577,2.0538676849500432,1,0.5133887349953832,1.074792243767313,1,-0.32153159277564447,1.1317912065702684,0,-1.2199347179926694,0.8170329977108186,1
1.322253000923361,3.0840258541089565,1,0.18040673518478023,1.4104526568991909,1,0.7950513963431275,1.204402801782953,1,0.059668028785303584,3.175106271906928,1
3.9780596253371234,6.3470369560463595,1,0.266404935501963,1.5458496915311273,1,-0.5104270456412677,1.1187442096246962,0,-1.4981918374375753,4.786854012860204,1
1.056856421761077,2.8673583847448123,1,-1.6289074697290358,2.8657669222495925,0,0.21338506304558683,1.513094083414161,1,-2.23114296543882,0.6045456157146403,1
-0.5273566249176005,4.243139159698852,0,1.3916500994035785,1.9671445014125772,1,-0.674234606123151,1.2693498452012384,0,-0.5396551724137931,3.839507506210174,1
1.3899061769732481,2.1363049771546163,1,-0.008600079120727912,0.8479678013037719,0,-0.6572721485228583,1.1975429721777733,0,-1.1168032786885247,0.9959012819394785,1
4.13835807289427,5.211647947161114,1,-0.6325246486432924,1.4483658403659725,0,-0.7496301713677842,0.9108588335023187,0,-1.4092632272952035,3.7734212352532963,1
-0.8901587091872967,2.0098759723208537,0,0.33326667999733384,0.5098980203959208,1,0.013287270794578792,0.732460802551156,1,-0.8853350919132801,1.1440492614152562,0
-1.4697060587882422,2.7994401119776047,0,-0.36196952013666883,1.8352192960200266,0,-0.6519081895966318,1.2664674724976233,0,-3.101609591309532,-0.32874565646930576,0
-1.5375247374029533,2.9109791782953605,0,0.8366547553600879,1.9292880703683342,1,0.9830814577547577,1.3732472356158316,1,0.2685402557043693,3.270247703868633,1
3.6214953271028034,6.363386476085761,1,0.20889286780065652,1.4340661162505388,1,-0.7880403291227257,1.7068688641292649,0,-2.2044316903360452,4.081420167629757,0
2.385689180675752,4.307171988461156,1,0.531045090261475,1.6303731886991013,1,1.8970320627405513,2.36404335153067,1,1.8677067991648726,6.339015695483958,1
1.902371893467174,3.720553711648992,1,0.9356632247815726,2.368546465448769,1,-0.9930908575835314,1.5675411951714693,0,-0.7028583951660875,3.002403221616004,0
0.414614773629865,2.8085782366957903,1,-0.17718435082501463,0.8463716758159181,0,0.05071395743197198,0.3122078004405775,1,-1.5034076199684971,1.2894327458181642,1
0.2420464792520289,1.2877505497460884,1,-0.6549460261347138,0.9563790164762326,0,-0.2590344213838477,0.711947366748244,0,-1.270959826344103,0.009560229445506692,1
0.31405845590556153,2.525093112808535,1,-0.04246818818126052,3.373861616622363,0,-0.3760818253343824,0.860739575137687,0,-1.062666041568995,1.474595287706363,0
-0.3963697563584315,3.373861616622363,0,0.3600473746545598,1.3170153967627318,1,-0.12745267729296808,0.8528314949726998,0,-1.9882589216746485,1.370935527682352,1
1.476510067114094,3.0904066324516384,1,-0.6906098831873824,1.7871863868970772,0,-0.4855357338637681,0.7611947311541655,0,-1.6651978292128575,1.403061224489796,0
-1.7794092485728952,2.8837628906067723,0,1.139082080448662,1.8710096481361196,1,0.8237283888749687,1.7429842144825858,1,-0.4815186356971988,2.4499134109721803,1
3.254067584480601,5.03160596315014,1,0.4894514767932489,1.1123897199846566,1,0.24278515803939532,0.992517941670484,1,-0.16552520083218175,4.893498205025927,0
0.9298043728423475,2.5592635212888375,1,0.06384822365120628,0.7829008376278864,1,-0.41478645334791925,0.5697616117416473,0,-1.416370962891682,1.119679210363973,1
0.14441860111582372,1.2359191863912073,1,-0.5829222011385199,0.8,0,0.4015818967491716,0.5161014490540685,1,-0.9418157120217343,0.2888053543595856,1
-0.4159392789373814,0.9426944971537001,0,-1.5776236567334807,2.1888575565886748,0,-0.918454270889801,2.022767753426779,0,-3.081533501838931,-2.161955691367456,0
-3.5104031704900542,4.2298605289231,0,1.110040896243546,1.7953293016058487,1,-0.9779263587083874,1.099776607876525,0,-2.996922326842795,1.285416567237786,0
-3.9854099887890606,6.249703936460817,0,1.5635286372613564,1.9865042791310072,1,-1.3725045372050817,1.9688229193673839,0,-5.158915816724369,1.08038029386344,0
-0.20737327188940094,3.9137590520079,0,0.5377142197370809,1.5389183037260625,1,-0.7484612228149364,1.9532211735740663,0,-3.0569366479550926,0.7870339491762822,1
0.19463275438336053,2.6407376251505106,1,1.1226891862972659,1.6856799512733138,1,0.1969657507487954,1.25179059773408,1,0.722409332747596,3.4163047109923155,1
2.195993217772071,3.290697483003276,1,0.0064432989690721655,0.8972293814432989,1,0.2303330970942594,0.4574447522711166,1,-0.2641140972900293,3.032708271323213,0
-0.0273840206185567,1.0776417525773196,0,-0.16114217574165687,0.5075978535862191,0,0.5020096527901083,0.6747268002130716,1,-0.24371472550025652,0.83793902656445,1
1.2198462703643425,1.8466893339993875,1,1.1204660120004455,2.035619359870128,1,-0.6956904964271099,1.6447886171183934,0,-0.16994377561068583,1.6807946162805745,1
-0.98518247361971,3.6828953860355553,0,0.13180948706820336,1.2859462152995451,1,0.4881808838643371,0.7451181911613566,1,-3.14071131525045,0.46676323837115724,0
-0.12537975599170564,2.1427078812428673,0,0.20124287600218954,0.8403902501851435,1,-0.5511102541855458,0.8322889553006202,0,-1.9866396504780601,0.12613399311114346,0
-2.466432688282835,3.5982226229191485,0,0.3878591823598343,1.3814388750433246,1,0.4340391950545837,1.1114033933973433,1,-2.55027758667584,1.0635826641003516,0
-0.5132944923996104,3.9264552971661524,0,0.5972328212614885,1.3786124290786024,1,1.2468869060381653,1.423364285596477,1,0.16817424811416257,4.2162841660013255,1
3.6066226483957666,5.5874448389130364,1,0.37113468029626784,0.9246372638415639,1,0.46545732776484844,0.9181623999744956,1,-0.6103234556608683,4.9649406239069975,0
1.092607701044616,1.569323799011374,1,-0.5665184434984888,0.9779564192236481,0,-0.12892546198290541,0.6462189822846865,0,-1.282798833819242,0.2673112014598073,1
-0.5443640909594417,1.94958302343614,0,2.7525855210819414,3.677008750994431,1,0.14086687306501547,1.2120743034055728,1,2.487711589827883,4.5229613630135885,1
5.123309466984885,6.4105011933174225,1,-0.6841228999545936,1.7345239897078855,0,0.3246110001981194,1.083560662633159,1,-1.0334090464658012,5.351481184947959,1
1.499924322688058,4.722264265173301,1,-0.13867970951819986,1.1989084564799213,0,1.296160795615751,2.2055639344751894,1,-0.14281087129354259,4.664979475942101,0
0.8365517961259151,2.4514993811604358,1,-0.5073364098923204,1.2454147438172996,0,-0.42518397383483236,1.0317401323124955,0,-1.8321927823594784,0.5858204482799952,0
-0.3194888178913738,1.8977044136788543,0,0.8146367521367522,1.749465811965812,1,-0.20456217807211186,0.5827814569536424,0,-0.40050652295550254,1.517311761792559,1
1.525403608736942,2.7035849952516617,1,-0.1169248757673195,0.5363928675825782,0,-0.2589991220368744,0.539947322212467,0,-1.1304675497840517,1.5511492199595094,0
-0.08915521777258112,0.947091493715288,0,-0.013164245908113563,0.4783009346614595,0,-0.1316597910997981,0.39497937329939437,0,-0.5956195025339314,0.3513672449279624,1
0.941974929425015,1.8444571211256893,1,-0.7911782179652519,1.4823723754184115,0,-0.893652439291503,1.524465925850211,0,-1.725703905540418,0.09397668203576988,0
-2.4213531176189305,3.871846517221892,0,0.016333803548890042,1.7907788254510357,1,-0.43797787840546365,1.1090490683690892,0,-3.6639947040453613,0.1885804085908853,1
0.05494097557353924,1.818991758853664,1,-0.8652162298536702,0.9765219198005403,0,-0.4656385686480012,1.356490492588711,0,-2.1081671190841496,-0.30649498940789377,0
-1.1590632513134072,3.5751387610934673,0,0.6711510164859914,1.6050569051980421,1,0.7039837725774456,1.5123719182066313,1,0.07862451601418208,3.787692307692308,1
2.331761808954686,3.5209152878291947,1,-0.9859878218766047,1.493654170640452,0,0.7126770580216915,1.4179458306169619,1,-1.125,2.3640057181551426,0
-2.3138434450884016,4.702516323087081,0,0.5812905551550108,1.2361812064407594,1,0.0044800860176515385,0.5391036841240685,1,-2.594360213019818,2.1702965461455106,1
0.6413722662821437,1.514059120403749,1,0.1537106955782059,0.5551493083018699,1,0.6988318035522708,1.031112170699726,1,-0.051965791661717546,1.4665983359459784,1
1.3863809339044009,2.062409527078452,1,0.5770051665513637,1.489615378954031,1,0.8180767148146522,1.229310269131141,1,0.8734904443662798,2.9588631264023935,1
2.9159368238220704,3.940415384841839,1,1.46171229154152,2.5515603993249236,1,0.27896753832281335,0.9115757439134355,1,1.1962744595402888,5.207207473978769,1
4.020423925169484,5.555078806602019,1,-0.72462771735394,1.0518789445460421,0,-0.6453221071290091,1.2463302498199744,0,-2.3668478260869565,3.0724654311779216,0
-0.544502041882657,2.2206333273749777,0,0.10092630996820129,0.7604037052398728,1,-0.6035578144853875,1.004088171924203,0,-1.1326239578762614,1.106390139245299,0
-2.9019770496336235,4.24305267523849,0,-1.3988205464231789,2.269166120623344,0,1.3684377844891118,1.7528141843561698,1,-3.243875584916047,1.0231208058513315,0
-1.0142161191988832,4.028375259964104,0,0.4390510738757413,0.6420222260609202,1,-0.1691198601178106,0.6062517019477448,0,-3.0197217721660428,0.9684737087017217,1
-0.19865261703230264,1.2552542177693327,0,-1.4378632515611705,2.2079926159881165,0,-0.038043955400778436,0.5501741242574113,0,-2.026127892168787,-0.788234441788017,1
-0.8667560824355701,2.732949710840941,0,-0.29386947539934244,1.7864936425266955,0,0.7309280305793443,1.1321360313963496,1,-0.6171237419615307,2.174654234423872,0
-1.3384154325118567,3.849399167854753,0,1.5246914490466992,2.189716442779834,1,-0.24542193694544082,0.6636557703199198,0,-0.8712055757156846,3.0554807030150606,1
2.3135791910582895,4.563752451450227,1,5.729436855150153,8.808865064268833,1,0.5316617489088017,2.839155324096107,1,5.212793104425984,10.041071719822666,1
8.993313735661998,10.37091475012969,1,-1.1092308099103625,2.0809645945159843,0,0.10829600909151682,0.6083294337856809,1,-1.9089708555065965,8.280411061716991,1
0.3741505592427087,3.3197599090404295,1,0.46892700018440947,0.9879080060064808,1,-0.35532129698829146,0.6949088096080976,0,-1.0962462657487986,2.238214798802347,1
0.8469664638162228,2.1141231328538685,1,0.0274294670846395,0.8150470219435737,1,-0.27552526083493295,0.5614969770569723,0,-1.2216901773003754,0.8735875239542721,0
0.2115987460815047,1.688871473354232,1,2.810695242937411,4.2056135685139555,1,1.3352269124938185,1.5888312643444962,1,3.5962620709374713,5.366962774957699,1
4.847015265881862,6.424446269571225,1,0.9598885932409916,1.9993534429164697,1,0.9039742847642154,1.7315910686355407,1,0.9842664637588671,7.484912610706168,1
10.374754432646158,11.641757640563997,1,0.4111703146297777,3.6656115172747854,1,-3.4326148877475497,4.785027025814699,0,-3.615452405653537,7.6258096661684105,1
-0.8336055693863987,5.7699023329691,0,-0.60882800608828,2.6806606238215314,0,1.010262622568627,1.4719663550547415,1,-2.694945868377603,3.16020723440749,1
2.8203730207410436,8.201004111860788,1,0.38895887201927115,1.9414793697098278,1,0.15299944964226747,1.4364336818932306,1,-2.3063016805194527,5.8704195309692455,0
-3.4973148577869124,5.656478596212071,0,0.4387271186052372,1.5739192192260991,1,2.2119048162259585,3.7519107481006593,1,-2.216679011807764,3.557708946184461,1
4.32083209237325,5.486952736603358,1,0.14274890467667373,0.9794770997814845,1,-0.2489089673019145,1.1195420952213864,0,-1.049951582543603,4.390546264305146,1
-0.5062095773534353,1.842558938826604,0,-0.12135520668998157,1.6471211235285683,0,0.18773950591379443,1.057967333325971,1,-0.7801433894833184,1.0677025527192008,0
-0.8627251966505963,3.0007832926977263,0,2.056417960273744,2.8731986869192676,1,-2.19377630459908,2.971193056676189,0,-0.9789016613984621,2.057288437475341,1
0.7199688421521171,3.596505869915985,1,1.2760456945886824,1.9356121704929625,1,0.595484785690915,1.749372886901516,1,-0.1014855760925894,3.5103812421693212,1
2.1101708023068255,4.0325253551936715,1,0.5420083519051431,1.6714628816236448,1,1.5269886363636365,1.672262396694215,1,-0.4444113675749812,3.5749444180207286,1
2.09771296276262,3.8243503472748124,1,2.7496980100451394,4.023353889842542,1,0.2041468620152801,1.6465784779717287,1,2.534178761770344,6.49950222630652,1
4.320045775319473,5.313963591667196,1,0.8847040659820622,1.5682928563447809,1,-1.610320553491042,1.6918940149249222,0,-0.3904318963690842,4.917858584999894,1
0.5708423479700562,2.604341245898975,1,-0.32117967882032117,0.611049388950611,0,0.19657115065050862,0.6018724921979491,1,-1.06312625250501,1.5457238059977787,0
-1.2473487526512472,1.806888193111807,0,0.7558942361785915,0.9215977087914897,1,-0.9196475699378781,2.0321572130415366,0,-2.134020097964955,-0.33324419393989263,0
0.24753234797729248,2.9294737380453126,1,0.13772558941451324,1.4955978820864917,1,-0.4492848119320265,1.6728473042911283,0,-0.6649097912021082,2.304897908054616,0
-5.086665102376021,6.510849715877209,0,0.8300539750123648,2.3987699718297746,1,-1.3009882815001388,2.5112595786462895,0,-6.8973182709213265,-0.4795645035859328,0
-1.1590650065587167,4.577124056512483,0,1.7970390192431116,2.0156860185578,1,0.2404000256426694,1.1101138961899266,1,-1.584227202391604,3.0327742390513763,1
4.404486070772009,6.084043120234093,1,-0.6222314867893064,1.7916514669862942,0,-0.07341219900998405,1.1724976927594597,0,-1.8756484135054903,4.105274629468178,0
-0.2960029183386315,2.0720204283704207,0,-0.04181038988188565,1.525033970941779,0,1.302815796902937,1.9866372504940455,1,0.3000268989633553,2.406253300940108,1
1.9253684540608342,3.4859412564022163,1,-0.7045431237821762,1.1639831812121832,0,-0.20036561560786179,0.9202358943639424,0,-2.176312724694921,1.2430562834084478,1
-1.0962978156086556,1.433699107783817,0,0.061158275543945845,0.976459246820288,1,0.8712317414275355,1.010048689526572,1,-0.6635216900830684,0.7813800566006326,1
0.8499963719667051,2.1996247576992047,1,-1.2440880115155255,2.442936458975941,0,-0.35194402215789583,1.5077365209604532,0,-2.931140171638741,-0.7800914806073644,1
-1.4404688463911166,3.9039687435739254,0,-0.2774937929020009,1.0494690062383942,0,-1.0360416928293357,1.271505713926912,0,-3.436863543788187,0.4470196921707996,1
0.07093826284712805,2.8281416261553547,1,0.7620457435940203,1.5074119633884453,1,-0.9756148028595963,1.3387545651116837,0,-0.28867820687220275,2.599636713324073,1
2.967912766090528,4.78389591977149,1,3.5938876568338554,5.6201962511772035,1,0.8250486329022356,1.0655248932031243,1,3.710831234256927,8.738551251307298,0
-1.7154256665755283,11.701147330153619,0,1.2818661826581965,2.4471990759838294,1,-0.037671302612555746,1.1902095338939909,0,-5.72037782087277,6.109108283021326,1
3.0216153782691197,5.811195445920304,1,-0.33834511201425455,1.455484594286172,0,0.010046111652484906,0.5093378607809848,1,-2.4691962624145427,3.2281807532421753,1
0.03103165228533104,1.455484594286172,1,-0.18705798797627265,0.9622983124768678,0,0.5203007518796993,1.5208020050125313,1,-0.579666915237385,0.8787239838177582,1
1.2353829687203033,2.6558233052246196,1,-1.5476143416215362,2.8511285923232004,0,-0.5762242255104704,1.7838857991848538,0,-2.7927066178863393,-0.17923687621516526,0
-3.676325255959205,6.939558050361703,0,-0.11097638669105407,2.59047658192729,0,0.29111632308768465,1.081142245813274,1,-4.021881881288819,3.128945665205997,0
-0.6884646211389466,4.104071189296945,0,0.8152455047693932,2.1508824929131576,1,1.0679920722126948,1.2076525739635855,1,-0.00508646998982706,4.229847517655292,1
4.7000765585880115,6.451612903225806,1,-0.7042810012050811,1.4648649716509612,0,0.7669199856762026,1.3418612978951976,1,-1.0484400898382715,5.397753982763123,0
-1.1556925265216618,3.2329757600900852,0,0.1510030200604012,1.1140222804456088,1,-0.048923190590772485,0.8396816997314217,0,-2.2099393655807065,1.0129998288171265,1
1.4370287405748114,2.6680533610672215,1,0.3973065964725484,1.4502183707471927,1,-0.7345143171373582,1.0075022585333282,0,-0.6250122647618673,2.0463476070528968,1
-0.05027949483895774,1.9717448956454016,0,0.3323209214263175,1.5353818239192174,1,0.9466978628025403,1.64369556241521,1,0.2308973821887513,2.222707987639478,1
2.977082675923004,3.851767118964973,1,0.4594356598644665,2.167004862360734,1,-0.9204032242696801,1.5845036873296872,0,-1.4683924716354886,2.333000800055313,1
1.5285807266740687,4.306252153604655,1,0.6898566568340103,1.3071464249026945,1,0.5746696117704316,0.8891467934558797,1,-0.6334573042357241,3.6933082983294945,0
0.07350931589214864,2.8282238075940778,1,-1.8316743104146458,3.1548117942874363,0,0.7626484526390515,1.5320120488862454,1,-3.199402015429478,-0.44228049694864424,0
-5.682428169173251,6.145761722244719,0,1.4760368709616212,2.976041864320454,1,0.5108368274966042,1.2047481249630898,1,-4.321132525370108,1.923057691730752,0
-2.7543367321462457,7.200423436829018,0,0.2453395746078673,2.287098628562043,1,-4.067970109530147,5.770293786467397,0,-8.712663143449443,-1.8233773302490135,1
0.3531247433686458,6.1642851276997614,1,1.2788377922144356,2.392961276791652,1,-2.507748377131435,2.6440390498016213,0,-1.0099568908410872,5.4430187368375345,1
-0.5463195048340068,3.186863778198373,0,-1.208288343873721,1.5805439868373696,0,0.9307253633049061,1.0834224932221173,1,-2.5845609662961997,0.5632838514922354,0
-2.20782559514628,3.2659776852280324,0,0.19874234999684537,2.878083661065427,1,0.4335593860883075,1.5484263788868127,1,-1.2210400920144593,2.1093418259023355,0
-0.3659382952322867,4.238785253107321,0,-0.6986807387862797,1.3604221635883904,0,0.5377258235919234,1.0510095642933048,1,-2.3293922422733875,1.9320481875547955,1
4.05910290237467,6.288126649076517,1,-0.6275535549540233,1.1070896316797956,0,0.2448629787581366,1.7160813761299405,1,-1.3317373942606543,4.958217866275773,1
0.7471841195494591,1.9282824903433804,1,-1.6938917237839306,2.245438167416488,0,-2.425439988533167,2.6496575307403276,0,-3.914433342045477,-2.041485611215873,1
-3.6937508177581853,4.800869591473172,0,-0.7087157401793741,2.2672631865030417,0,1.388377209140764,2.4746586949885794,1,-3.3329662298134783,1.5150718634017095,0
-1.5658645704848115,4.238705496205548,0,0.07646640257436889,0.6340339213458087,1,0.32259433762044226,0.5847022369370516,1,-2.9516011383132827,1.267125490448318,1
1.0407927017066876,1.5962361537399505,1,-0.039941559192339625,0.4814008976339882,0,-0.34384496482686827,0.43112059810096637,0,-0.8049911545185232,0.7806351434709549,0
-1.6628301747968761,2.387033708573771,0,0.01603180710529691,1.0698559274934805,1,-0.44893378226711567,1.0924055368499812,0,-1.6092243979861045,0.7968299091183184,1
-1.0003847633705272,3.8219828139027827,0,0.08204065330267604,1.0632900460938934,1,3.1211242086645172,3.4177065021623543,1,-0.5058435468063357,3.390461589005092,0
0.8031348165419864,4.5521767760182215,1,0.13712277845029835,1.02199320813738,1,0.027814923776410806,1.053757689221717,1,-2.6030774992977306,1.8661588683351469,1
1.115193846615317,2.3385861356015725,1,1.3986013986013985,1.7016317016317017,1,1.0021003354267024,1.4117179907836028,1,1.8988741561436953,4.296740255260435,1
2.677474041110405,3.750794659885569,1,-0.6687651581608958,1.05062180711079,0,0.25356972128115063,0.8417683370398853,1,-1.1632308557982505,2.5508200201687807,1
1.2776717064864027,3.0022188967438983,1,0.08356006644044307,0.5115506506475905,1,-0.4204118611113939,0.7268137259891895,0,-1.1015553152570463,1.8939630578288666,1
0.07744591523748383,1.2360775681982616,1,0.03970758924026146,0.45001934472296323,1,-0.3216088584921023,0.6981761928024752,0,-1.026804248984841,0.20401886405577196,1
0.11097762120996152,1.54961412368405,1,0.904572665643517,1.969732388783299,1,0.00805826122868338,0.9931806964352266,1,0.3350236338424478,1.9048695991858302,1
3.954710384290927,4.670237526552765,1,-0.6003246054870061,1.1762060267115118,0,-0.811721813303983,1.4652266629978676,0,-1.7236670113350374,2.8881013899243255,0
-5.213242339506053,6.482332466415065,0,-1.3330306844679225,2.0728008088978767,0,-0.03869888087020186,1.6567304675243175,0,-7.69657454262359,-1.3304899615104546,0
-1.915973669548709,4.896721074678608,0,-1.951932992402719,2.266557232148494,0,-0.36917397323488693,1.3296702117384445,0,-3.99288417242514,0.9329528010205184,0
-2.6222194162089356,4.333186017635794,0,2.130855259603436,2.7132746231563023,1,0.3290622255610458,0.8549269397213023,1,-0.3272738715869636,4.172559337828208,1
2.330758009616943,3.857582797557945,1,-0.5131887394141623,0.9070558171949907,0,0.22076929608559054,0.7334210749766494,1,-1.3507729887157216,2.467823956108298,0
-0.1414964837067855,1.1953285041498596,0,-0.31298573588656387,0.40497816501538497,0,0.32561888801680067,1.0065548036740841,1,-0.7170307975783101,0.48058992146457385,1
-0.08036120245736099,1.7742907595191018,0,-1.078329700099473,2.758788545789329,0,-2.3492049913923077,3.6141615252189347,0,-4.940071096756603,-3.237444628275604,1
0.007407564181252513,7.071049122732756,1,0.31204713498418607,1.1381787025185905,1,1.0492792137260485,2.6490345576681746,1,0.11998414122655092,7.623031716836391,1
2.100764779927436,3.167013973364926,1,0.7342584921292461,1.2251449875724938,1,-0.040090872644661234,0.9930200762754551,0,-0.46435652718848563,2.6943664211139966,1
4.092792046396023,4.39208782104391,1,-0.736230499840815,1.683381088825215,0,-0.9901684689469938,1.1825898718192842,0,-1.3424018269373976,2.994589215747248,1
-0.5342645654250239,3.522962432346387,0,1.4863715928982244,2.1445361340335083,1,1.1091283729826187,1.5103863710305527,1,1.8728931191750942,5.5795887750593405,1
4.145036259064766,5.9894973743435855,1,-1.2946724421095093,2.0476570078467904,0,0.6461092352752289,1.684360069670815,1,-2.3939885964581054,3.453934203153766,1
0.3044593205850997,2.565333896791172,1,0.5458097134977784,1.503370614371074,1,-0.13810181437211294,1.8791371017667506,0,-0.1353554032542489,2.4736399381834544,1
-3.0594070782901794,6.478857055308717,0,5.686276447510154,9.777549386803175,1,0.26366475307141385,3.4407315294425636,1,0.46663028957419983,7.296439192990917,0
0.9388186696445335,9.777549386803175,1,-0.26234643433997357,2.965102050805149,0,2.6145780151592506,3.2066135176530652,1,-4.515527268736969,4.982807504373529,1
3.9097449953502035,7.026577260046009,1,-1.0221481125587617,1.2416508869607816,0,-0.17989035254701896,0.8480545191502322,0,-1.8757283363632127,5.161509486746531,0
-2.3711952067376987,2.8714354350959503,0,-0.98881910880869,2.147425693861604,0,-1.1340607950116912,1.3708106001558846,0,-4.481526746263044,-1.6637308608040882,1
0.2643282300620303,5.416799313132483,1,1.0777313754546678,2.454725659629337,1,0.22085562515469412,0.8120252080041125,1,-1.2353998203054808,4.2426876611381665,1
0.8977887261600046,4.229133388502915,1,-0.4892470554575366,0.9651423394211054,0,0.35268635832167294,0.6660788560694639,1,-2.23147206226843,1.950289039842731,1
-0.11158266177101711,1.0595584378427352,0,0.22340821645773862,0.8630813148623748,1,-0.05715755479980566,0.70684842769093,0,-0.3477864249265943,0.7154793231277491,1
-2.0698675781212703,2.83938476814237,0,-3.4589999317559204,5.299640256207773,0,1.8733399985861585,3.4578523747487906,1,-4.581499468811655,-1.8116154221571499,0
-0.4708841507999181,5.299640256207773,0,0.7279674717092048,1.9712928036055455,1,0.013617617306046223,0.7421601431795191,1,-0.5766286124086601,4.952429667519182,0
-0.7573605055601822,3.448782638514672,0,1.3782073431992972,1.4838435793900742,1,-0.8168709655434284,1.1255099358381446,0,-1.480553279676129,1.9795460214517335,1
2.4246971596686775,3.4366330671036915,1,1.313507054197826,2.168298512065377,1,0.09985924601514057,0.6238825274850687,1,0.2386202025408279,3.68355580127952,1
0.9347775807570735,3.020198905250173,1,-0.52417006406523,1.0301994519606252,0,0.6449817159201068,1.0404169346092198,1,-1.6261613760838727,1.3580091566405001,0
-2.2198458997297994,4.528485635448791,0,-0.25388641512381843,0.6151863135692524,0,0.07440184829854721,0.8487684536163214,1,-3.589008543462271,0.9249479284917526,0
-1.7283805952659947,2.4255917506444806,0,-1.0264512410818973,2.376835787674636,0,-0.9106334273752271,1.9296995010090259,0,-4.488389746384569,-2.122269871347362,1
-2.9442159025417833,5.228641268705657,0,-2.2831985256475886,6.335619944711785,0,-0.9779156665653463,1.6403408554927834,0,-6.466528640441684,-1.3486814740870146,1
3.8773420702365105,11.302344629876114,1,-2.8642958523892132,3.3620485727803184,0,1.0441400304414004,1.914764079147641,1,-3.037954937651727,8.656178302196,0
-3.617331651159123,5.5570887872575305,0,0.10224008015622284,1.7892014027338996,1,0.5433616930006434,1.460539889080677,1,-3.6115341160288845,2.0406252925208275,0
-1.221768957866863,3.0539111942663766,0,1.6519345022460514,2.0421471008342476,1,0.07737967968885223,1.2278933382204709,1,-0.7966279444982252,2.2842349320551874,0
-0.0424369139048171,3.6185231953961123,0,0.21332560114325955,1.5108837479029886,1,0.967221923696937,1.4415326747406274,1,-1.1515114848649848,2.4603357093584735,0
-0.03210239628854876,4.6838431746163245,0,-0.3325253278637579,1.1353512751983759,0,-0.022865932878093395,0.44276760936671755,0,-4.128362529320757,0.40454935083941373,1
-0.06422607578676942,1.2389417200157458,0,0.6385272410647649,0.9712662741520856,1,-0.8838617961555103,1.109462883985413,0,-0.3529557463672391,0.8923719958202717,0
0.0051828509826685465,2.706484783149515,1,0.9343954916971398,2.4188619435840595,1,0.10366097728695617,0.7687333860191106,1,0.08321604323124814,2.8418807930240906,0
0.969616607792154,3.151253975324501,1,0.8464577027650952,1.0701277381624175,1,-0.7447652768451255,0.8404045337077509,0,-0.5612665100814447,2.6126097768264662,0
-1.7555019750679732,3.7315959575232136,0,0.31642925769664565,1.1853043151342997,1,0.4507693268650191,0.8213787503383373,1,-2.533252106812874,1.203968245601088,1
2.220226408789005,4.2326329420610715,1,-1.8716413640914569,2.305837641241495,0,-0.24874845182710423,0.7670611255086853,0,-2.34247636126508,1.8641527882581757,0
-1.2821560654665822,2.9034960462597823,0,0.3363309910898159,0.8858440873011766,1,-0.4414373530261149,0.7426048929411279,0,-1.4578299742076235,1.4824302617350313,1
0.9199946187041427,2.660636855667436,1,-0.1394657232220684,0.7557811618725324,0,0.44979820696879136,0.5155221458866057,1,-1.125709257517371,1.514018691588785,0
0.07793672768292056,0.7557811618725324,1,-0.3596643133075796,0.5143916959555697,0,-0.15319446443626494,0.3598527688100183,0,-0.8492048910935555,-0.09769943540010491,0
-1.4950149091617055,1.7020012091278909,0,0.012491412154144028,0.8275560552120417,1,0.2726979401938029,0.5516408713844104,1,-1.2944222169922335,0.41221660108675284,0
-0.3060395977765286,1.8601794599546146,0,-0.3351465352530304,1.0983618538510531,0,0.8193715357453452,1.396703653642641,1,-0.8823468777702187,0.9776638978440989,0
-0.17435972394783825,3.5226928658683008,0,0.05543237250554324,0.9088817303267372,1,0.5906026237390896,0.909423509120368,1,-0.5759248919494592,3.0179987143775446,0
1.0772706354850856,1.9401330376940134,1,0.2586947298709631,0.9457879324082409,1,0.5521896642480415,0.7451980141814691,1,0.5956682427270663,2.5597036132658326,1
1.7570546052835812,2.3996523142830535,1,-0.12609955763461636,0.5033812986220573,0,1.0528352221237947,1.2910977385425257,1,0.21770388221713682,2.627567685272556,0
-2.241317943763665,4.782630802867748,0,0.16538897614862125,0.845668161061818,1,0.503650165633405,0.8619167783004663,1,-2.694255738232102,2.1327989030114445,0
0.4524792743688695,1.265901785992906,1,-0.04349131726915948,0.5136117467976928,0,-0.8101360241176044,0.8474312886549876,0,-1.25403487784504,0.0010443864229765013,0
-0.31997183419453046,1.455923620962815,0,-0.38228205767472784,1.455372725006233,0,0.08029615725533135,0.8269461390062047,1,-0.8906957979020546,0.572118412765064,0
-4.892794814260783,5.362336906839524,0,-2.37554088902487,5.335679006949604,0,-0.210769420496205,4.1021559021043315,0,-7.396468100982465,-2.1624876820321908,0
-3.212552996197386,7.167052755802264,0,0.07112777031375249,1.3920720761405845,1,-1.004151999277913,2.020714865962632,0,-5.006918021445866,2.2419229113585333,0
-5.082813046865297,8.067921375588497,0,2.4408793820558525,3.194295900178253,1,0.22040996253030637,1.38162244933471,1,-3.403935975985394,5.0004261380930926,0
0.5811051693404634,5.196672608437314,1,-6.5196582408621975,7.130617695371125,0,2.0328697850821746,3.9646017699115044,1,-7.205591575849543,-2.293772317375779,1
-0.35452192718119613,8.136278228808452,0,0.4708477631766213,3.2188433986431995,1,-0.3541410898101804,1.3764283690622345,0,-0.42899790790061354,8.337915776820083,1
2.0363869253759668,3.2188433986431995,1,0.20806453487696294,1.1600469598168102,1,-0.6600162394153811,0.7017747361095,0,-0.6611417409295283,2.5559944154743865,1
9.580267577966083,11.766688751729028,1,-2.0260522742701967,3.4506534283774606,0,0.7344020797227037,2.2768630849220104,1,-2.2679502270052128,9.367392301450094,0
-8.604887983706721,9.92129158180584,0,-3.5039054792771673,4.963962813802068,0,-0.7144489481723818,2.145752396531194,0,-11.338459257376458,-1.590473615535624,1
1.2523067281020417,8.657049012894465,1,0.3839013545414957,1.6651005019366962,1,2.48972602739726,3.8002283105022827,1,1.6362654911045635,10.94239102414593,0
3.8378675712222963,5.266897389470789,1,0.8312175736836295,3.085329506568054,1,-1.3859998686256048,1.989227299599308,0,-0.9857901157231875,4.281398659675683,0
-0.7418037310961475,5.469698642234242,0,-1.7448455327950891,7.299659705077734,0,1.2335200588468285,2.0619023368980933,1,-4.020907425369113,1.393521944555132,0
-3.5174929383243256,7.299659705077734,0,-0.6627936464024714,1.9261359706757037,0,0.16245068461359943,0.8157345091668602,1,-5.573145480241463,1.7435340502638321,0
-0.6478087465707634,1.9261359706757037,0,-0.2842095494408612,0.7633056470697415,0,-1.6682371828429834,2.081224769948464,0,-2.6824466676644296,-0.7735649724146026,0
-6.375574219293768,7.504292144216046,0,1.9683381230799724,3.328461004855812,1,0.42270971503534727,3.4339090931176055,1,-3.7389122113127247,4.045,0
-2.684322663759786,8.19294420770984,0,2.330818458250105,5.075128182292396,1,1.2748121983980896,2.276006168847321,1,-3.329484447724594,4.931970591655576,1
5.432639092100408,8.86525273858446,1,-0.6414198044393002,2.9719921389903665,0,1.1347775957278963,2.9382850901146913,1,0.6401972046716446,9.795039164490861,0
0.8186542240870016,4.617740321433308,1,-0.6501189096167406,1.712537495369098,0,-0.31269919540091645,1.8882220645363033,0,-2.2999395999384156,2.342228342451648,0
-3.1047958220299483,5.230828065059693,0,1.3516846726851166,1.9929949188495881,1,1.3981504015575565,1.6816743733268433,1,-1.0404926026552137,4.3799274183456385,1
3.5654383108874748,5.541167184648019,1,-0.1666984187464279,0.9989998094875213,0,0.5342491890860523,0.8884277809578324,1,-1.3447604755316904,4.1410378584423455,1
0.43222518574966656,1.237140407696704,1,-0.11972214978307769,0.7776012896801877,0,-1.5640946526475685,2.3057935584933427,0,-2.300642479213908,-1.0868915380292468,1
-2.1419596500794196,3.6461914131955147,0,1.20505274376582,1.6131962358754495,1,-0.7732822599952118,1.3131434043571941,0,-2.3595386731562797,1.3039288633009283,1
1.803340236650559,2.755271348811297,1,-1.0683099764448356,2.1401889171762356,0,-0.9645683496500133,1.3975416736824382,0,-2.789676779835027,-0.10792326534571824,0
-1.5977063456185017,3.473791905588998,0,0.5889181802791013,0.9492828983964979,1,0.8410833153101195,1.3337178285631892,1,-0.3307240238882676,3.2561808277256037,1
5.047524608798703,5.37282027716642,1,-1.2190629676528146,2.333371704846322,0,-0.8318866583555675,1.7581470132472707,0,-1.9388576025744169,3.337895285041239,0
-3.1219062967652813,4.419247150915161,0,-0.33381247104384704,1.2924838736501978,0,-0.31584844042383287,1.1251355764532007,0,-4.6232994169429515,-0.24512441558752138,1
-0.14017747894367955,1.9708003183691893,0,0.22483672571109076,0.4913098821094205,1,-0.21008902077151334,0.5044510385756676,0,-0.6863126614072947,1.2953741791152487,0
-0.2831277286732254,0.9612067427225467,0,0.5356525058754757,0.5964949954069886,1,0.7831782798557053,0.87217581165749,1,0.2544679843768493,1.2224851222485122,1
2.6973503692304024,2.755806878780287,1,0.9270015333859951,2.0201198829050697,1,0.45234806629834257,1.1256906077348066,1,1.4259835570625667,4.221654774121185,1
1.6588448492170438,3.753310719762093,1,-1.196735552304316,1.554498902706657,0,1.4576416283939333,1.513170833285131,1,-1.8936151038615778,1.8119965864322372,1
-0.05943672275054865,2.5352048280907096,0,0.8107675418534444,1.3974018845485316,1,-0.7203058180291979,0.8734417006023345,0,-0.8256248658783135,1.7226399138100807,0
-0.6117921507638825,2.7753636446802674,0,0.5277924706207023,1.0877814318239312,1,-1.227351756954612,1.5933839677891655,0,-1.7294101658059255,1.0481081647626036,1
0.29091828990640023,2.2158084768760204,1,-2.358295881867376,2.6838943410070626,0,0.1878661923045311,0.8371787194570667,1,-3.137143182724631,-0.9623898960712122,0
-3.2617169586352377,4.513665963496286,0,-0.802284793325749,1.1009196056124384,0,-1.2412343053747,2.294909625240422,0,-5.787542437786491,-1.3477927798525329,1
-2.1046643913538112,3.4745923397800533,0,0.5398992833623861,1.1899573891148558,1,-0.20468610783345775,0.7416861319141763,0,-1.795153794302338,1.732227517181394,0
-0.30142359093550264,2.359335657563432,0,-0.5366226765573592,1.3719086527371398,0,0.7641321728940591,2.2118330627540495,1,-0.8838323353293414,1.4849603315716546,0
0.2076074155911955,3.1893840980004127,1,1.1146516107927353,1.411488181058192,1,0.24804083686821482,1.2665660124140246,1,-0.35155039683485473,2.868847417176178,1
3.1900844469752956,3.7716418091280275,1,-0.8570992473964143,4.783318265606838,0,0.20843202273803885,1.3370440549502605,1,-0.5740675786273822,3.181382481769538,1
-3.13369574150826,8.659050615819938,0,1.2076093941341222,2.1084666028104806,1,-1.7933942712014663,2.3732224791249865,0,-7.490712825897948,0.9126964576045721,1
0.794160796343223,3.2687900869333273,1,0.9641508980308239,1.69387607895939,1,-1.6752393199028432,3.630280516264228,0,-1.232478306474683,2.0467980295566504,1
0.8042605371354379,3.6654564689476086,1,-0.4185946667938749,1.0780899680389258,0,-0.8095420578654915,1.4119084115730982,0,-1.6940548708504508,1.9765120807259458,0
-0.4114392024042361,2.2277345799742405,0,-0.6178604784826496,0.8908685968819599,0,-0.5903827849199368,0.7349663240840031,0,-1.8236649015743358,0.403118094174215,0
-6.192973633163302,7.95435495845008,0,-4.251030224161468,6.1979306209413,0,2.3850448361780656,3.4203408348989357,1,-7.709485198409381,0.24254844483644192,1
0.9517612686748065,8.606677638713464,1,0.4132231404958678,2.60191573786236,1,0.883474496281101,1.8978341031223651,1,-1.681448632668145,7.229223204449579,0
-3.652033260039932,5.910228220486769,0,1.8583119131301475,4.356607039815349,1,-1.1471906061698511,2.6960910542308287,0,-5.100450294423277,0.7274255176669862,1
8.318470335204323,11.772805959187956,1,-1.2434317262755163,1.721674697919946,0,0.07475490196078431,1.3051470588235294,1,-2.271285825405373,9.490802810103501,0
-3.69397292781558,5.203767828171538,0,2.096583624525503,3.0732295935041103,1,1.077241277423485,2.6481668431290473,1,-0.7519160561881966,4.687340610017341,1
4.809070112370849,6.680660650091758,1,0.37297323227477697,1.1968723016406024,1,0.12182886627490326,0.898189288614973,1,-0.5293328744199295,6.167819411719997,1
2.266621893888516,3.727333781061115,1,-0.9932338145103603,1.9747411377041877,0,-0.41108386347750886,1.0093471230052955,0,-1.6776882596749407,2.0136741399304214,0
-1.8351958910374426,3.58009779893758,0,0.9191395898488792,2.167737006708525,1,0.4457634734079031,1.1859436706316362,1,-1.090795037405325,2.546037022316966,0
0.9656934132308355,2.51510015040466,1,1.3596112694040172,1.7568542142038,1,0.12480753977511315,0.7511780898614286,1,0.02447923345028967,2.54302103250478,0
-1.0604967901351336,3.3552841587553055,0,-0.3228429309355271,0.9948345131050316,0,0.46076313894888404,1.3450923926085914,1,-3.108155002891845,0.18059608668612162,1
0.4950258274344748,2.9008035201836617,1,0.7460289130822774,1.4444642750907253,1,-0.0661274133553758,0.7758162602586054,0,-0.8944439247965579,1.9987485259079205,1
1.0815634481527754,2.0548515676125882,1,-0.36961178990983357,0.8086729288791582,0,-0.15000826817226146,0.3437197325836857,0,-0.9815391094784622,1.0602858473331662,0
-0.5720742990324175,0.9546342726652071,0,0.8902990552411622,1.0453910449174815,1,0.22061325791802108,0.3731649788187803,1,0.19501650591510908,1.1588186454750327,0
0.7138967158383255,1.472781947765965,1,-0.33265157392387806,0.7323036415356042,0,-0.5236404807113962,0.9635456593270512,0,-1.4507481515225846,0.002370595137909372,1
0.14575545995251193,1.56452029997414,1,2.618636806460321,3.017711891263777,1,-0.23219106007228807,1.26847234295649,0,2.0514623996248753,3.6689927834806015,1
2.7090155756658096,3.982534596288602,1,1.1233643791783325,2.034169476029941,1,1.305158483530143,1.8023617153511498,1,0.5647994397189559,4.572791129278549,1
6.829324038626364,7.809839437746414,1,0.7188549667315633,1.7115594445989601,1,-0.12214032330012534,1.2214032330012532,0,-0.14266246486670642,7.692837623716904,0
0.26529171391283884,2.920348302346976,1,-1.6003414061666488,1.7934492691774246,0,0.5854673981395146,1.2544181104581824,1,-2.013727560718057,0.8948570185930195,1
0.2987303958177745,2.4911981222660833,1,-0.21274332517817254,1.7040740346771621,0,0.4754290587357424,1.5041040400810148,1,0.46153028127824747,3.0196292257360957,1
0.7616211041378577,3.154983512392299,1,-0.11085304054054054,0.8403716216216215,0,-0.5178882840987159,0.7419542355863235,0,-1.6284674045713927,1.5125254330344167,1
-0.061233108108108114,1.388302364864865,0,-0.6042551393378547,1.7620586930341637,0,-0.24763524285258795,0.7078329259219895,0,-1.5580216065260526,-0.17991355632678263,1
-0.9433563626375948,1.7620586930341637,0,1.017274472168906,2.114523352527191,1,0.4042600352540083,1.2929988072745697,1,0.052436735079127036,1.833804771308107,0
1.344636383024099,2.9718490083173386,1,-0.08943602693602694,1.2941919191919191,0,-0.06740034753304197,0.7235006055499974,0,-0.8145723756443904,2.1627210649893374,1
-0.7944023569023569,1.792929292929293,0,0.39243137754019763,1.0945653557337407,1,-0.09402765892259093,1.052264587493265,0,-0.9363315493459294,0.8637696614236203,0
-0.1092444105044334,2.4638326757456195,0,0.9141971310561579,1.1169981206400441,1,1.7169910573382432,1.9084692267227774,1,1.1924130619613935,3.7215157188044667,1
2.499442562724966,3.534683216359988,1,-0.162598258023758,0.9383058711434697,0,0.6275998713679602,0.9284328675608667,1,-0.2636708730891556,3.263190320901626,0
0.3811220315461334,1.5938771917105958,1,-0.5922043620906671,0.7892619111487115,0,-0.08405715886803025,0.563494287226425,0,-1.8021605505523903,-0.23444226599860993,1
-1.0420320656996058,1.1926624435136084,0,0.038601982263954095,0.6844027125717267,1,-0.4702766394511006,0.6371153585468348,0,-1.5182144477907504,-0.3298538622129436,1
-1.6004173187271777,2.225352112676056,0,0.47719536378193234,1.3297844137389847,1,-0.6163002986523707,0.9434460051288004,0,-2.031258113089984,0.1879739172914764,0
0.44962407609675403,1.74759546558361,1,-0.3304301926629718,0.9300607020321985,0,-0.6992340209134539,0.7299579400141966,0,-1.3351120821866005,0.40299305184393375,1
2.2053312219583003,3.7149643705463182,1,0.1921189898259567,1.5400506119919433,1,-0.27010587738017916,0.4556748007711419,0,0.06811496981268383,3.8393163125428376,0
0.24686257294840677,1.9563084232815164,1,2.2903594720736873,2.5809043983556395,1,0.15511215414522125,0.6416002739643242,1,1.6179375134316443,3.626477985452344,1
6.389927775888893,7.471743990768502,1,0.42234147664529126,1.9102233760195284,1,-0.6607504581846243,1.444005015915887,0,-1.2058487504680344,6.187375524987875,1
-0.23538756611193984,1.9199101071352462,0,0.7262700015535187,1.2117446015224485,1,-0.16379700733232486,0.653261005713625,0,-0.5952152743166047,1.3297508549096237,0
1.7642146962870902,2.077831287867019,1,-1.3414878493259166,1.5160911753761603,0,0.9148670734891639,1.4322601858746846,1,-0.3552888507882079,1.7181195002187757,0
-0.6487992443397037,1.5160911753761603,0,0.31784747162419097,1.8830782231270045,1,-0.30628750825540546,1.049034715774764,0,-1.0204081632653061,0.5011173562673529,0
-1.2886746432618257,4.745625996274175,0,-0.134246468734192,1.4309895326666406,0,1.083897355991625,1.3731314213370989,1,-1.8835260060923693,2.928625302687468,1
1.302579866920892,3.430094556208413,1,-0.4023970958262106,0.6665002016787354,0,0.3577248315029264,1.2698749409416552,1,-0.9505033477146966,2.4913522090055285,0
-0.5714230835718265,1.6662505041968385,0,-1.649052302104063,2.055760573449002,0,0.7976737789304099,1.2672403630790994,1,-1.6932261372021042,-0.031182397536590595,1
0.2695287593948645,2.648917054697915,1,-0.0626204238921002,0.9344894026974951,0,-0.20527548355386793,0.7661690583348593,0,-0.6094985794363817,2.0770489540821355,1
-0.28323699421965315,1.3805394990366089,0,-0.025120044829618465,1.016395660029178,0,-0.5112247166036897,0.7421939174889105,0,-1.531988141914507,-0.16385972056584933,1
-0.3381544496294793,1.016395660029178,0,0.7511727988213857,0.8073896018299538,1,-0.04808524552326364,0.32409455482679694,0,0.24103355187042036,1.2681653485019675,0
3.245066490908386,3.378823711859807,1,-3.0717236199774693,4.683627487795719,0,-0.6808518880807337,1.2251460006004669,0,-3.8814648098654287,-0.6330647897701384,1
-0.8430341719864815,4.683627487795719,0,-0.5434062292909212,1.7788507052920572,0,-0.39498605651631813,0.7557082623468835,0,-2.1369556084581993,2.6437929616356266,1
1.159708416169649,2.94234592445328,1,-0.3246297630296283,1.6680543731464763,0,-0.047859012978238226,0.7357150230380151,0,-0.6567915036333147,2.3054340317752704,1
2.6110710911115063,4.293158451132462,1,1.2352319136522754,2.403004667444574,1,0.3268768403706405,1.199448901855904,1,0.8073692766188025,5.165770060579795,0
1.8660662193698951,2.505105017502917,1,-0.9235560487551682,1.260045461867516,0,-1.8115320359416627,3.6022937643924684,0,-3.1589285714285715,-0.7230988906381577,1
-3.949276010810617,4.464749154301874,0,0.31122168488338503,1.5635628360308986,1,1.1037261199710375,1.7191764290886136,1,-2.6758245689346785,1.8693775918073148,1
0.44726469683839765,2.416161164379094,1,-0.08163416760978869,0.9619844524017143,0,-0.12719575147621345,0.88851338804917,0,-1.792677692441165,0.5892917274666067,1
1.1781294643685412,2.5204549249522255,1,0.9457998057077919,1.3811243286837618,1,-0.23241667952826678,0.5156745077033419,0,0.4680800490021301,3.0272064200401254,0
0.3244313287020914,1.559836501273897,1,0.05480753420903594,1.9465809233242597,1,0.8080992338562569,1.2094126231302444,1,-0.7396275608585836,0.8137257606267068,1
-0.4512486983210625,2.947731881542649,0,-0.09910075243163884,0.7707836300238576,0,-0.09826701075426819,0.7751154866972182,0,-1.659009468449034,1.2913482456629666,0
-1.0726738851165352,2.296751697559185,0,0.0871815323545506,1.3967594438931192,1,0.39750931228109193,1.0859694964882043,1,-0.7620737921633565,1.5636118497434552,0
-2.080299756077202,3.292494041049517,0,-0.5001089252393986,1.5543158074201768,0,0.5615571312996716,1.2677866082901061,1,-2.9515992802320885,0.31791523525727405,0
-1.461492559932561,2.5138050901237956,0,-0.18752163711197445,1.131861368619456,0,0.35261814152897536,0.8613131653740546,1,-2.1442880117371557,0.36074270557029176,1
0.6327653190752779,1.7502019463784282,1,-0.2962368365728265,0.7415476941306882,0,-0.09776107958902008,0.6469483208096918,0,-0.8880673101660839,0.8610742094698769,1
1.0119832578407202,1.9838312023393156,1,-0.2488715614561352,1.0815976986477662,0,-1.3106980273141122,1.9527693474962065,0,-1.565509687653435,0.4025733877802604,1
0.21575177190874079,2.1698193552050116,1,-0.6072339219945226,1.2890735669090567,0,0.24895477004941088,0.5511212466742683,1,-0.5839567551249517,1.614147413892853,1
-0.411748040419303,1.800925488714704,0,-0.035095706941361715,0.6478477794851365,0,-0.3548521765531899,1.1053550419370755,0,-1.6368128474366892,0.15055218348309146,0
-0.6459507142450629,1.7234837706068713,0,-0.17186396012756125,0.8211278094983482,0,1.1332338765205416,1.4029148496672021,1,-0.31875966652834886,1.4191270305798367,0
-3.0314892966944833,5.282907174365536,0,1.613856121625081,2.338565154886863,1,0.7703563019021502,1.1240418996308104,1,-1.9837861814475408,3.416445940294346,1
2.791508300675476,4.191693416569842,1,0.5171621207477781,1.3618602513024824,1,0.5754244231465427,0.8907646285463864,1,0.09770812779843667,4.3100465603653655,1
1.152122280110328,1.8838109102053326,1,-0.12213711548111608,0.3313797706851987,0,0.2711157455683003,0.7081239927955256,1,-0.2010211496899744,1.6866682052465574,1
0.16379628665296964,1.3700186519470927,1,-0.14935107901428288,0.592678016088325,0,1.846293683781967,2.313074599732998,1,1.2083712807608888,2.6023224823910147,1
4.268794131825959,4.913461447571155,1,-0.9473216632974046,1.0787682098793412,0,0.42275172943889316,0.7375279089345192,1,-0.7966578350077315,4.096252929622636,0
-0.017224030241770993,1.8103362312008775,0,-0.7561745185507561,0.8114822471258115,0,0.3298068665606899,0.7783807487803541,1,-0.6159420289855073,1.2149110264476075,0
-1.4633880970514634,2.071773111377072,0,-0.9496641207324928,1.3324744639734978,0,-0.7061753173143037,0.9886454442400253,0,-3.043533397344155,-0.9943300065672029,0
-2.704518266310849,2.854513665224993,0,-0.7330338141404588,2.7817450934026957,0,-0.025729478358649867,0.9834378394861728,0,-3.610118254573521,-0.7821736293045559,1
0.3717190825254197,3.209269330811067,1,-0.930105449645203,1.3343762073937258,0,-0.11225907110375402,0.3443879977928725,0,-1.0601738082460055,2.2049097416744474,0
-0.6153585193701292,1.7659752914236173,0,-0.005688551789523584,0.8419056648494905,0,0.03033462887477486,0.6455588207413026,1,-0.8847058823529411,0.8948417260672952,0
0.13462905901872482,1.546337994785494,1,1.387152975040715,2.1096087565806916,1,-0.40715699824436896,0.6098016510403048,0,0.5180712677674896,2.086442429112616,1
1.1523311744877476,3.7562019467484755,1,-0.043049797385192747,1.472115897541482,0,-1.0879538602700223,1.3182779993633316,0,-3.1590054133406738,0.49893832779486397,0
-2.1234780492826593,4.1037687290015255,0,0.3565386122714282,1.107850540543124,1,-0.9990476190476191,1.2971428571428572,0,-2.9979679511565975,1.1161836963670833,0
0.291539615932401,1.9547492281369185,1,-0.2439907740988544,0.7129105430700902,0,0.12420461276823418,0.44427034567099155,1,-0.7436106322111286,1.2171443475236907,0
-0.2230228169497341,1.2361563828367739,0,1.0871018895321067,1.4988250128962,1,0.17482517482517482,0.6766206766206766,1,0.7068614969502346,1.9633117538982465,0
-1.3049043770657802,4.023614374964177,0,0.16161968082532494,0.5380870810711417,1,0.3884095498507232,0.5014541203296651,1,-2.5225072990302384,1.4905824512017516,0
-1.1516611986954293,2.9691567710904003,0,0.27495645707352395,1.4608896455899332,1,-1.341803774616,1.734098405449187,0,-1.1758145616413334,1.8277279706771015,0
-1.1575568993522378,5.036302080275544,0,0.9832656698683038,1.6457074957916626,1,-0.8060245925751602,0.9570316330332803,0,-1.6220608006809367,3.532166123778502,1
4.430141598178038,6.3570650559461335,1,-0.39177370088599667,1.0311332030583014,0,0.20380952380952383,0.8895238095238095,1,-0.8150765606595994,5.571435735419487,1
0.6763550816748563,1.5642489897360983,1,0.509742584705838,0.9148984283722158,1,1.174639780258927,1.4586907406886596,1,0.8782818024524186,2.467166531352978,1
1.2116986394301437,2.176534881091471,1,0.41520429727138164,1.0901440181721702,1,-0.6637988578209597,1.068011570125343,0,-0.9317631398938825,1.229786912498111,1
-0.38448290307865607,1.5993744007000754,0,-0.0504649315452549,1.308350077099201,0,-0.1935483870967742,0.528284244974287,0,-1.5162701415677662,0.07033008252063015,1
0.08878089808887435,1.3485351151815337,1,0.40616246498599445,0.611577964519141,1,-0.2761891477193472,0.2761891477193472,0,-0.3757166447112084,0.9760133896249212,0
0.2315592903828198,0.6573295985060691,1,0.07358900077315027,0.2747943699756877,1,0.6506441283788815,1.0369349914364434,1,0.5986020226055919,1.2612275449101797,0
0.9603830354065559,1.2174787849431314,1,-0.6845713125870706,1.1670926016477687,0,0.19506214122499024,0.49880176113247504,1,-0.8678348350008293,0.3403612491724093,1
-1.1163494450543874,1.8904132338152395,0,0.030793923332462395,0.8267701840170206,1,-0.5046688868366309,0.7882536217688597,0,-2.136948529411765,-0.25854558739496586,0
-1.3577320742040238,2.1275801575155837,0,1.350072849060531,1.9707090011163881,1,0.4247374562427071,0.704784130688448,1,-0.1338787653402752,2.0288753799392096,1
3.015194232625026,4.420140400007569,1,0.4086880653900905,0.9128897460623594,1,0.015549254550443611,1.3646757523095217,1,-0.5382415620844794,3.881860553600305,1
0.70073931211829,1.8101666896266702,1,-0.8016635202057513,0.9402902040183498,0,-0.10297714275206414,0.5167245913094647,0,-1.6027931293359987,0.18326487760853147,0
-1.4719964978521984,2.276396071027935,0,0.04257958216470893,0.5600140697749761,1,0.14710236103915328,0.30438161498038635,1,-1.469047987686591,0.8229033671006402,0
0.19160811974119019,0.5600140697749761,1,-0.1376570583887657,0.25129342202512933,0,0.38670761943529586,0.6031898752914184,1,-0.13282172373081463,0.42760015211805846,1
0.9174057649667406,1.7174796747967478,1,-0.15014052787212423,0.9347163351063343,0,-0.596880816378923,0.9572097884786416,0,-1.2304383094689064,0.4719167794693022,0
-0.8642235262883248,2.005840832730635,0,0.18931348466099035,0.9807361985852281,1,0.3769828468196105,0.6940539942669112,1,-0.6936405647564966,1.329985119047619,0
0.6104205529800713,1.619784644367693,1,-0.21661909001624644,0.7297126125547284,0,0.8242112041210561,1.0964952626253335,1,0.11078049897001602,1.7446566980859952,1
2.1478333501610876,3.385132220253885,1,-0.036831419896153364,0.6027776280565587,0,-0.17076349256280052,0.5743045881454186,0,-1.0210639057479471,2.3479031305375075,1
4.233816633428556,5.740311539912683,1,1.3521432634137094,2.7577172995053347,1,0.04676552615468335,1.0466975035711856,1,0.77008547008547,6.591628243377633,1
1.3280132370430375,3.113635188472742,1,0.1794538140314172,0.7569378885685368,1,-0.37353662781319774,0.7436774681008209,0,-1.063623894512744,2.0386023987641675,1
-0.0978065811071705,1.0682179640922274,0,0.482701082884969,0.7117074167404481,1,0.26431046313631473,0.787848495887092,1,0.1920035186547912,1.267835617375247,1
1.4225635088197235,1.8950486957706192,1,3.014940406244754,3.578982709417492,1,-0.8090865388532644,1.1675941693622638,0,2.0471702850638587,3.984444292829365,0
0.6202786637569246,3.578982709417492,1,-2.5721246099681303,3.049340074418915,0,0.740778802593154,1.504680180527366,1,-4.919017170307378,-1.5112799650337894,0
-1.7461747676494634,3.517378318399493,0,0.3642693385412244,1.082618663496646,1,0.5372295873907562,0.987317997614193,1,-1.0754929342615365,2.528320472828764,1
0.8049588180351532,2.580453426169653,1,-0.2628652310180972,1.2334445455464562,0,-0.3683054570028721,1.4681534042912654,0,-1.8220275469247038,0.7270583611711534,1
0.49118727462676504,2.943753580696256,1,0.14504296793125132,1.4755816390693777,1,-0.4864081977780941,0.9142129982335262,0,-1.2305785123966941,1.7062958487226183,0
-1.0505135191783694,3.3410186543701528,0,0.20080831702295313,0.6303856028062327,1,0.07187613627715439,0.43125681766292623,1,-2.1571546732837055,1.1777787281358252,0
-0.09066029502724046,1.0175982647450073,0,0.14586531204152073,0.4426842609632199,1,0.06520505720261836,0.45643540041832853,1,-0.3559589381964185,0.6638148476378758,1
-0.4901752927906918,1.9886869577753843,0,1.849513734857533,2.6343627367343454,1,-0.8660836935035348,1.425603913291118,0,-0.5660409097025972,1.434565125996345,0
0.1851219928339874,2.6343627367343454,1,0.5092091930141267,2.076858230370326,1,1.0558069381598794,1.6565831172572745,1,-0.2356244046723818,2.4066418512101824,0
2.19181348297385,3.500600321874707,1,-1.3307113514594495,1.504028797360242,0,-0.2195983040254058,0.6959577019882093,0,-1.8703708321903287,1.601742034324273,1
-0.9982418278324486,2.3239536375832213,0,-0.26516267519676756,1.7753272444126438,0,0.2371908500042205,0.695534734531949,1,-1.3240128157117297,1.0206515812431842,1
-0.37712024916873604,1.9563112925628183,0,-2.59375,3.3707770270270268,0,0.7049520060350135,1.5911278364996924,1,-2.854632921982849,-0.928319724234435,1
-0.6309121621621622,3.3707770270270268,0,-0.24138986162581172,0.4912793662666168,0,0.6440894568690095,0.7378061767838126,1,-0.44891105316895763,3.0204858624845,1
0.26348893346479446,0.9723591609152417,1,0.1534119322275243,0.5009196240136291,1,0.07193392234521513,0.347821671575099,1,-0.14618894710157174,0.8285265708727261,1
1.2595034877906137,1.61887729588161,1,-0.5120738992921332,0.8727011061465602,0,-0.2346489937006417,0.5483553544545462,0,-0.7804804754670362,0.8270561889250815,0
-1.2241243703666516,2.029887711899861,0,0.7029847206694447,1.527086085984348,1,0.03784947683612017,0.7317565521649901,1,-0.7878089897017342,1.262350936967632,0
-0.1202696751024833,1.9810617610190737,0,0.15857402099621795,0.815765819242576,1,-0.4944417633960699,0.9219984252368495,0,-1.2853513545238833,0.6893130815544608,0
-0.07801502637247087,2.536336346522395,0,0.7137219624383662,0.9564383491891068,1,-0.45839477564777753,0.5468717084474405,0,-0.14565354662176383,2.4338423270918264,0
-1.7677560615447285,2.878650293211579,0,-0.5926617076605414,1.496341221090463,0,0.5310503672156794,1.622702185911086,1,-2.684518603242952,0.1731421843617979,0
-2.1650295034946305,2.914927990738581,0,0.6234380933037803,0.7576627252898634,1,-0.5844668714348398,0.6327336551118912,0,-2.121426232615851,0.8093716719914802,0
-0.6366839451445122,1.7846577713412748,0,1.0397966619861005,1.5872451609463039,1,0.14161066741723252,0.6016254441825283,1,0.007894182864360395,1.8127104038861654,1
1.5143705230977054,2.537281598265228,1,0.38688782878900607,0.745765679023152,1,-0.41940603037859897,0.5214237134436636,0,-0.27793751198006517,2.26592446322787,1
0.7055013348505405,1.4031248632325266,1,-0.9439292140007475,1.2177208368462682,0,0.17198262624489974,1.336375202913175,1,-1.6045691770642518,-0.2225551787889143,0
-0.7979070151498031,2.126013680889345,0,0.0893725521120837,0.8981065285773117,1,-0.24782821913969458,0.5858554014291719,0,-0.9964728163605721,1.1530268063199007,1
0.7894575436567393,2.0713403254212337,1,-0.18690776319221072,0.8137007737112057,0,1.3961711986343128,1.7715609594648736,1,0.5746182892792645,2.6719004983901558,1
2.1603060071285753,2.9514039815700253,1,-0.556524698974599,1.0756073692720078,0,-0.06161534906806784,0.5228746983415202,0,-0.9645209262800085,1.977598879943997,0
-0.7148023656554483,1.5019359230736502,0,0.0865652453396186,0.5442468395114635,1,0.20123308785750987,0.9950333961294742,1,-0.45979551423156356,1.0561192793539036,0
-0.1542746946646668,1.3533319048639383,0,1.127135376427161,1.948665121469654,1,0.6620380587007079,0.9497699842129386,1,0.49351728582452153,1.8573270305113883,1
2.4208086531032706,2.4208086531032706,1,1.8548008582539897,2.7759152474185327,1,-1.658122330752203,2.0160792607160785,0,0.26653256223283883,2.69379345866598,0
-0.5028831969961111,3.57801394662733,0,0.23670931927117117,0.7286603600340322,1,0.17059970418179374,0.9210703240553987,1,-2.482994309634378,1.0436874698203198,1
1.1759651590838254,1.76057821094928,1,-0.4112793785851656,1.023203150366738,0,0.8788874672821387,1.0862748049471915,1,-0.019118233807687193,1.7485238635017848,1
2.7032877373806334,3.975423143206814,1,-1.2864785992217898,2.5551232166018156,0,-2.8591604808513433,3.577645667739605,0,-3.870185507012084,-0.010929880612073313,0
-4.025616083009079,5.930609597924772,0,0.5473296563141402,1.0127287930874291,1,-0.4183432598852496,0.7014390000084004,0,-4.63069299774328,1.322514313017807,0
-0.7998783711874858,2.094718437745475,0,0.2222316829154072,0.6130529183873302,1,0.10790786197989685,0.5276439550355586,1,-1.2644968827512233,0.8309372218799205,0
0.012771935799736048,0.6854272212525012,1,0.5483137648891878,0.8982469285063558,1,0.13040348871671112,0.46064609001227824,1,0.13891594738134969,0.8264251356053628,0
0.03320533669359989,1.1579296898280986,1,-1.8703443578938408,2.2704635423317585,0,0.38863587074387335,0.900455432661028,1,-2.5829076256469916,-1.4531066123172958,1
-1.0215808964372366,2.4824415783424847,0,-1.0911905069005545,1.9975063416311964,0,0.6616470751895388,0.8468387007025109,1,-1.6833585553722945,0.8159991630777814,0
-2.9450965217765166,3.493701362913281,0,0.5377868344112696,1.1056968193496943,1,-0.03524943380596949,0.9966777408637874,0,-2.647197362223269,0.862451420560416,1
1.234163196597856,2.0067334101178345,1,-0.3325660975118805,1.0782142950911493,0,-0.5233487293865581,0.9325442124304105,0,-1.3549355249611754,0.6337169456979341,0
-1.5674365280099418,2.475867078581868,0,0.5147993705043967,1.0447137484329294,1,-0.7067981777168384,1.4189039762926268,0,-2.176810306530431,0.29471653627692634,1
3.92990193027536,5.123987516782104,1,-0.9965100762993123,1.3463578198241353,0,-0.6687229465280837,0.7508013443577581,0,-1.923846671379055,3.138154005982554,0
-1.2967461593731824,2.094809593868683,0,-0.47490705514294873,0.7080274891456007,0,-0.1872121069634196,0.3866147697291084,0,-2.015643031157841,0.07945100230495215,0
-1.6578415994314981,4.294095726703122,0,-1.7710655470477836,2.0759355367385957,0,0.14085012470170277,0.8172895770907721,1,-3.5199695570200475,0.799667482899766,0
-2.956181547435479,3.843476575235041,0,0.16889437745169256,1.658978643033561,1,-0.4188007070661288,1.0769161038843311,0,-3.0674468740375733,0.801588536185866,1
1.5073369170419877,3.3442902804009877,1,-0.94016405907558,1.0582436554580503,0,0.5191779832418376,0.9345203698353076,1,-0.9163701067615657,2.440280728864851,1
-0.46158387676783946,2.026138528835574,0,1.6850600330721117,2.236861025235459,1,-0.07423904974016332,0.5868420122317672,0,0.5424071871171635,2.605520877687283,0
1.1763965777554102,2.333920483140413,1,-2.256153347367673,2.4222559756974977,0,0.4243911304980007,1.8575063613231553,1,-2.4093837300503202,-0.12356145604098272,0
-3.747524004938666,4.588696138780078,0,0.13287074629069168,1.1755370192662582,1,-0.08293402137854773,0.49023221525985994,0,-3.5782129351820617,1.0559318249479013,1
0.41614379567431903,1.4163652469181367,1,-0.09188896137906953,0.8839718084666489,0,-0.38813520349505637,0.826856748677857,0,-0.5462524328889868,0.8753224259467917,1
-0.512740404495208,1.296553245058671,0,1.0658735729855544,1.9876602504895262,1,0.033814041052073626,1.5709820694193122,1,-0.34245637105832716,0.9584428079783889,1
0.9014667307052868,2.435622714005985,1,0.9143746281634708,1.570637499427944,1,-0.8135833038556775,2.071598958758492,0,-0.9853785473172774,1.4486808986669153,1
1.8150199075557185,3.0653059356551187,1,-0.10967475143386252,1.1120300616695733,0,0.21419250326238584,0.8729694460693875,1,-0.5600536792663834,2.51139025694944,1
0.46836512702493754,1.8563800140239846,1,-1.1202777429803683,1.697417634531756,0,0.27691054703407086,0.6560789104565404,1,-1.4554011454957156,0.38534599728629576,0
-0.9046332253619428,2.576996725066662,0,2.022792537340389,2.2918961873972803,1,0.0017703345047046638,1.1135404034592336,1,0.9035580941518228,3.5612704974255323,0
-0.06230923440914591,2.8680308475861946,0,0.14999819279285792,0.6722810568547367,1,0.05412817551963048,0.2661301963048499,1,-2.252164864817199,0.5642951753669733,0
-0.40210358911338423,1.1683594173564174,0,0.49626665940865333,0.6387051704272247,1,0.3222981573934475,0.5732754340191574,1,-0.1599080079774332,1.0134428881758937,1
0.8355787811981166,1.2565435526160602,1,0.10706830778089685,0.8754408695026272,1,0.8096838548500154,0.9948058016858679,1,0.3888993431723075,1.650455485791021,1
0.858345929604837,2.0792845317785935,1,0.8019839960034614,1.9170896634165053,1,-0.1795681518633513,0.657237127263399,0,-0.223137202815779,1.8612597628001155,0
-0.5049198462046264,2.240024264699323,0,0.8892793430807433,1.4764547157802261,1,1.0120666062447796,1.5167670736258463,1,0.12005755700527018,2.389679329770331,1
2.1846509668223506,3.0622764475441726,1,0.11229350715432462,0.6816566801477362,1,-0.3172655565293602,0.9351446099912357,0,-0.29121628712351766,2.779180038221613,1
1.3562950160983271,1.818628440085273,1,-0.32977590818207786,1.0836730631075104,0,-0.1589162433242152,0.47153836133906474,0,-0.3661291579029368,1.4542570068746696,1
0.497693299749855,1.7614015043320954,1,-0.2179005753264202,0.5830778240948082,0,0.15364563102605933,0.3418183701478623,1,-0.6275416292110784,1.13444279864076,0
-0.10938092121128605,1.0223240431322562,0,-0.0922572857389205,0.5509570615623383,0,-0.24769137826874946,0.6170708552688358,0,-0.4503110927778351,0.5756357606119278,0
-0.5500948439386101,0.8846352819451629,0,0.45960664608553886,1.6485136494502066,1,-0.685386760123266,1.0358490077429714,0,-1.256281407035176,-0.376768816737564,1
0.06156994692844011,2.0508862603628293,1,0.4125176576623421,0.913431956252329,1,-0.32365532003038044,0.6628460954222192,0,-1.1405476683849092,0.9028063030387778,1
1.2548856476787216,1.932593228123998,1,0.31154781060632,0.9474819404977918,1,-0.7960411245254042,0.9564438377202339,0,-0.6615045382288087,1.268557886666202,0
-0.307268307713376,2.204799890444726,0,0.5399975961951203,1.5367181195377828,1,0.33387698639728797,0.41926752000273254,1,-0.12785216879895672,2.1142164936773944,1
0.5520166205937398,1.5659071787915728,1,-0.12892319251391687,0.6838905775075987,0,-0.5967189009429527,0.8908038607199952,0,-1.4944730774447308,0.052521008403361345,0
-1.2140978791707935,2.016666097469349,0,0.28002731130567055,0.4848621038348185,1,-0.03706065881785117,0.2542533570061883,0,-1.325038721426991,0.6991245744459111,0
0.048399782200980096,0.6205543503625662,1,0.11489486687745125,0.3282710482212892,1,-0.1044039483675019,0.4227928487609581,0,-0.39157637460519634,0.22774703625767456,0
-0.4025639696608442,0.5554691684376026,0,-2.325742788982867,2.9919757102580786,0,0.3943371760484573,0.7051885535641331,1,-2.6557147910716905,-2.112651616373701,0
-2.1982216438950335,2.9919757102580786,0,0.36011743731206924,1.4227299740112294,1,-0.15996040758972366,0.5152315890873419,0,-2.1050807813921253,0.9099351704677371,0
-0.6350839534863093,1.6684258610443405,0,0.5204195492077661,1.510377147958045,1,0.41024001704893576,0.6686379498654732,1,-0.21880293619424054,1.4650601544907278,1
1.172952465967418,2.5797812988172284,1,-1.3850782083969262,1.816481548464504,0,-0.1252448985069019,1.2309784310392642,0,-2.5183106004122626,0.017099401520946765,0
-3.819992765833561,4.314033400675777,0,0.3412186642940351,0.9108336925913356,1,-0.16361077089007914,0.9981171050947846,0,-3.623328812245689,0.7142068254611051,0
0.6191467698883701,1.5556635877491491,1,-0.2142323189964811,0.36100424818130433,0,-0.03928447441027609,0.36726415611467417,0,-0.8344507664987497,0.713128933711215,1
-0.013674403340200921,0.6007621200794938,0,-0.11123369104386438,0.4677285533237903,0,-0.04198727602982922,0.3651067480854715,0,-0.3943928808897066,0.20709245853569136,1
2.3012609524156855,2.8592529107668745,1,-0.2771761895849487,0.6568451823926277,0,0.2913523755049512,0.5844921888964358,1,-0.27586206896551724,2.5869881635679564,1
1.939342085327487,2.5747974653084142,1,-0.5299101950874002,1.049327118984951,0,-0.3410989010989011,0.952087912087912,0,-1.2586691822580927,1.2975259191555328,1
-0.25708514415131295,1.8608067576666463,0,0.44004593308146106,0.6705879259109916,1,1.8362555746589748,2.112043008875817,1,1.4036676477247,3.3181326188406053,1
4.022650969941882,4.142743186739014,1,-0.08173652190033201,0.9724118172472488,0,0.5456278093085621,0.8905455434773443,1,0.6503352764767328,4.823568633643909,1
1.633045148895293,2.3181151726578695,1,-0.7501346926934395,0.7733432798706951,0,0.7649844247166802,1.0948630794798775,1,-0.5218568857034334,1.7903764099531074,1
1.378424302706287,3.823614737452857,1,0.07438955603331998,0.8983969459408645,1,-0.013887867722144613,0.47300443594833713,0,-1.519771550263782,2.2864946838370215,0
0.09155637665639382,1.0708826198203207,1,1.873295333910402,2.871188489114635,1,-1.129504188544631,1.8654054270712255,0,0.18553932538552306,1.265062718486531,0
0.8664195070963107,2.871188489114635,1,-0.06638654781855423,1.0030845456974231,0,1.1909005476522245,1.239508733270683,1,-0.8852654603300856,1.966303627392418,1
0.978796784300391,2.5291655534776023,1,-0.7728817907767301,1.202616894362132,0,0.9235691949676387,1.4689840738855355,1,-0.9923023314749113,1.5193100984181636,0
-2.672214739272657,3.6776024629594,0,0.19026909486273444,0.9628769346083834,1,0.7250308261405671,1.373612823674476,1,-2.04655248133509,1.6776075857038657,1
1.5962835750821616,2.5591605096905448,1,-1.13255883712069,1.5022416071472002,0,1.2767422981361365,2.1525038745069742,1,-0.48220898406053775,2.0707933912957324,0
-1.3409107491751049,3.3101200658294756,0,-0.5817823246641194,0.8209047208184396,0,0.8413918505661625,0.9149516488966031,1,-1.7549810610649414,1.5951760539854347,0
-7.1481983647643705,10.599449443280331,0,-2.1878235934471495,2.84894989777766,0,1.7490363560686946,2.1607339980817604,1,-8.224698569121077,2.5683104947895297,0
-1.9692182424837816,3.303861437839082,0,0.7809044046619542,2.2587547057389705,1,0.058225988498127816,0.9369905226006414,1,-1.4130319805366525,1.9414643928138475,1
3.900910904675496,5.545775442587727,1,0.3406059658177584,1.3224547958536437,1,-0.9023207481815032,1.537928645652927,0,-1.1704386555492257,4.363281712863796,1
0.152925127510014,1.9845510865504088,1,-3.01539796139666,3.49772283669486,0,-0.8728625599198684,1.8378407383558706,0,-4.444348687895894,-2.525692081827852,1
-1.9058772500542183,4.80329646497506,0,-0.38380926271478727,1.6183662460093566,0,-0.9988635152892709,1.8938452249884576,0,-3.221421892855906,1.6513444453537751,0
-2.010134686983206,3.04040609496184,0,-0.1642539980506119,1.344716797227537,0,0.5243554044769103,2.1155028387516728,1,-1.834499142140689,1.227578322763276,0
-2.344680697447745,4.1171798852027,0,-2.394506774116038,3.437886993327542,0,-0.10983288358661174,2.892581546181887,0,-5.512802199764311,-1.5011633317822242,1
-1.598802284531357,5.2963791286989625,0,0.2507748661594816,1.095144172067249,1,0.322308629251382,0.6240044973297104,1,-1.9622738214001334,3.4646962233169125,0
0.7044237813468582,1.095144172067249,1,-0.3954707407614677,0.7433730669502118,0,0.6797243652160887,1.987678825556138,1,0.08276452098871054,1.1798661251504212,1
1.3710895965079188,3.1255246516313164,1,2.328791071280697,3.6657066882585134,1,-0.410005574637199,0.945890053768275,0,1.2932924156071899,4.491364934000395,0
1.7454431695849397,3.9242567834895983,1,-2.2381985892566467,2.821486706456864,0,0.5985032792799461,1.8186359305477184,1,-2.5895790255735474,1.276849197781335,1
-1.9967444384156268,5.993850605896184,0,0.03323363243602526,0.997932129537314,1,-0.17625942434225705,2.1723281932024765,0,-5.2599747563284485,0.5834729201563372,0
-0.6729810568295114,2.8239356006055907,0,1.585914550254713,2.611274309299818,1,-0.10798246657576617,1.0798246657576618,0,0.026566507878343717,2.910434397413785,1
2.3602796266686497,3.556687613877217,1,0.9018254472799927,1.3840704749795658,1,0.1530125470288564,1.2745045093697682,1,0.0026945462384134512,3.5615291600781323,0
0.8437017527926619,2.1206066660612115,1,0.41967614690466326,0.9942542192762838,1,0.26276141622125765,0.46812784732933965,1,-0.12046472614352258,2.0049028989073276,0
0.5673733316522271,1.1176354040958951,1,0.06537820845796988,0.5588493435311397,1,1.68887775102702,1.8651940822153208,1,1.5257492518647549,2.6638603844486197,0
2.5909473571083126,3.731035841587705,1,0.8703546891777462,1.742455325575508,1,-0.3807941288468861,0.6707169314916744,0,-0.33435256004920005,3.3968062831929977,0
-0.39283812450349626,2.204258365269618,0,0.07712465271995864,0.8992033373940632,1,0.7741822481061436,0.9090511012830057,1,-1.6557685532861892,0.5252248454187746,0
-1.0306658136212654,3.3820913050718224,0,0.5703152674459795,1.29560750974141,1,-0.017611059745520186,0.7924976885484084,0,-2.508679583379998,0.8438931365734552,0
-2.5522493800921007,3.8868225292242293,0,1.2050492107200306,3.321610003907777,1,-2.595116870055584,2.8932410226017615,0,-4.639519946504302,-0.809042236763831,0
-1.5731072275689084,4.816561701972972,0,0.993472259410749,1.7551958783827453,1,0.4552726607852996,1.3018238332495313,1,-1.7911704882485238,3.105274545403234,1
1.1513567913431266,2.564007866527556,1,0.41258192306990155,1.0113733866403782,1,-0.05726387740076533,0.36812492614777714,0,-0.9860512026222658,1.553494901728979,1
0.45000638954305644,1.0113733866403782,1,0.7715446341751561,1.016003416970347,1,-0.46363529761958455,0.8695416865861468,0,0.20094498452180526,1.2160555911127366,0
0.4462054362544189,1.5031034451421768,1,-2.7885346169157827,3.367594368643914,0,0.24578259412356163,1.3815960972703236,1,-3.055008143688866,-1.5903174240694224,0
-3.597408707611017,4.912960081068365,0,-1.9709056780854057,2.930079774753637,0,-0.7467759384962996,1.0761232754741548,0,-6.143773141876637,-1.3038936372269705,0
-4.771468793993431,7.847958704833411,0,0.5094951366373321,3.336848225636376,1,0.5561058856991535,1.5525848625427867,1,-4.2895767294424765,3.802908046674351,1
2.3572773052930334,5.507869088328915,1,-0.6585471525537958,1.4152987050498242,0,0.27917256354083864,1.1622496655745334,1,-1.9218995140244135,3.618244848043823,0
-2.484956433832379,3.794348433062148,0,0.6654292709896533,1.745517731616776,1,-1.8654191308441463,2.743205735526329,0,-4.430495167343334,-0.6733435748059773,1
1.9617328804991705,4.790300924097623,1,-0.9285887194383927,1.430162188332123,0,-0.22483113226913265,0.9022571090626498,0,-1.9559032716927456,2.8399467699007985,0
-0.9576373759380296,1.849431130476882,0,-0.3431252749401242,0.8983821301138863,0,0.5277355436755113,0.9485506890970621,1,-1.234699308142629,0.6250308079065412,1
2.355931374945012,3.9405640549391467,1,1.6899605452964834,2.2612417245431184,1,-0.1512503992634763,0.6810965184224865,0,0.48375622480436326,4.478568751602658,0
1.2371390085692178,2.2612417245431184,1,-1.1569093722870192,2.5770958366360923,0,-0.4113930091823683,1.2093618158562893,0,-1.9648668673738312,0.2608962553713935,0
-2.7903597176612687,4.739931302608237,0,0.0747376901200656,0.9376182942335505,1,1.7802427956405384,2.11961369894892,1,-2.3067975619969294,2.483356435836864,0
-1.3511021382744328,4.357110272064604,0,1.7828679378947991,3.073774524273373,1,-0.8864185596906718,1.3175447075882067,0,-2.0759536946467745,2.2844502638574773,0
-1.983588169313419,5.971426884703938,0,-2.547732337529362,3.9109397899977916,0,-2.158014009064689,3.0480016481252576,0,-8.40038839058249,-2.724859622256253,1
-5.1285912184544955,5.876448031480255,0,1.861159018526944,2.375384875834559,1,-0.284613227243926,0.803980430243791,0,-4.08155086910785,1.894402996988112,1
1.0877040767741322,2.375384875834559,1,0.5076407787314213,1.3669667155118277,1,-0.718525460793502,1.256898885764865,0,-1.0874958650347337,1.2625541056820226,0
-1.4161607703579653,3.777475402972577,0,1.4779266557662496,2.2200751704074912,1,-1.1226902714127274,1.5694644987130393,0,-1.3445482607884978,2.4868447954890294,0
-2.2126430679718854,5.064446945405899,0,-1.869463262115685,3.305758207399687,0,0.8916915588007522,1.5211859718995464,1,-4.720757155663033,0.2643471393471394,1
0.8674222685426437,4.954837589022061,1,-1.191462797731162,3.1987601037552063,0,-0.09367783538843623,0.9400461853514008,0,-2.1727304726248757,2.8333090403525096,0
-1.5466414095209393,4.777690477984307,0,0.8352647920584247,2.149385577469716,1,-0.4218311157378791,1.0258412223342768,0,-1.2815270723939054,3.670180910087348,0
-5.401889185288844,7.820221279573183,0,-2.9984626232502225,6.188808359630568,0,-0.7019007328844664,4.813203837216231,0,-10.635577284693493,-3.1951299003631624,1
-1.6772433563361884,7.916912300169921,0,-0.6290121569826228,2.0645707432924967,0,-0.8199339793419231,1.2920171795690911,0,-4.068157370745886,4.0900455691173,1
-0.44089637171679175,2.4666682342982105,0,1.2386935266750112,2.558864511253336,1,0.8059718901265528,1.2970198868606753,1,1.1153981059277447,3.658068846485761,1
2.499822875091515,4.083319556951563,1,0.22002580407335728,2.4156759745645564,1,-0.6230028276512103,1.5448631003011564,0,-2.414795304375468,1.57283985630554,1
1.6922403465118423,4.604414339692195,1,-1.034256196474693,1.2664823961212561,0,0.2563955817547073,1.209866651405025,1,-1.953554056174486,2.64476386036961,0
-1.0705061398341564,2.7040192124699804,0,0.6595596065543736,1.4966048711225108,1,-1.3776078993470298,1.8235387800605192,0,-2.0731831387133606,0.6424555044379385,1
3.602386323298714,4.971888561908142,1,1.0256863698660417,1.967372562889606,1,-0.7527022887400989,1.6159030239376833,0,0.371775919511065,5.421533185020393,1
0.9383703965692559,2.0281621645519254,1,-0.47303068129557846,1.1376825876530232,0,0.7206354794701404,1.2223297980020242,1,-0.4688553836781759,1.558424259914975,0
-0.45222609114600437,3.129448349867508,0,-0.3607844862670905,0.8777622562229824,0,0.2318239021482348,0.4559203408915285,1,-2.626462278845431,0.45770394423326277,0
-0.08909616886473881,1.0592544520585616,0,0.16293817156949092,0.628633080852563,1,0.9529566937788525,1.1156298087491756,1,0.3290231303260619,1.3999733971801012,0
-0.4954201162585873,1.7692002818389994,0,-4.220473835054056,5.317088824707588,0,-0.6527867640262501,2.5094740733894074,0,-7.13392556187411,-5.48239304132268,0
-4.51260941251978,7.3111354557425665,0,0.8482924059287758,1.3141579075453986,1,0.3723410368088994,1.3916820851098062,1,-3.477068380132934,4.131767962392917,1
5.804776859695681,7.113140420206047,1,1.882742078573541,3.227714313877967,1,0.029025391842789877,0.7568102169379287,1,0.6606879819772984,7.829214526047106,1
2.37560649704829,3.4412888952170246,1,-0.04493901134175048,1.4872672801198372,0,-0.6668950309362222,1.1892782975443705,0,-1.25515015078792,2.1531363286828515,0
-1.4519580569227477,3.4057350738283763,0,0.18456394054869774,0.9249910432205322,1,-1.584222788102075,1.7998591320366255,0,-2.99619497055885,0.40042682859751605,0
-2.9975355285585557,4.922428861457621,0,0.2921358375679971,0.8260392648474401,1,0.09039270608979008,0.561327545224252,1,-3.3369295501132807,1.6346022959299422,0
-0.1040943789035392,1.5155246132837858,0,0.14228735323115532,0.6643811060320874,1,-0.49672763886558147,1.0784807294288752,0,-0.8871807367698205,0.6218234156434129,1
1.287308416240925,4.50726001613337,1,1.288631285534146,2.208924186447802,1,0.10702195042044337,0.8758326962979142,1,0.014166312508853945,4.599744711889132,0
0.26878746985819524,2.962192774815831,1,-0.17541537035811214,1.434213719909093,0,0.23538772668501143,0.8708240780647372,1,-1.8516512091531594,1.0812559976790377,1
2.26495443613336,5.61991129939763,1,0.11219833212863971,0.8684582438803361,1,-0.7338441146995118,1.576525609112167,0,-2.8282550817732326,2.6988097099086628,1
-0.7087913866203489,3.1447897899517763,0,-1.906841813618436,2.9162184773515,0,-0.2514455349032987,0.582644719643767,0,-4.717759857768748,-1.684884089147075,1
0.5367406586481523,4.664428436389713,1,-0.08969966821929948,1.370351557856286,0,-0.16874533516501344,0.581955066146008,0,-1.21737457514803,3.533141404070842,0
-2.438101825334212,3.556645880839935,0,0.0697867626696206,0.3710883411797286,1,-0.11842702349724962,0.438290666401036,0,-2.5712345159934022,1.0126752062235933,0
-0.012184990307394073,0.9426751592356688,0,0.006647462884998892,0.4664303124307556,1,-1.0823565905213481,1.9088028715130836,0,-1.3261253309796999,-0.39091648197440665,0
-2.3221803678262796,3.1963217372036343,0,1.7829193603266416,2.198026539639333,1,-0.32537719239597956,0.6719261884067661,0,-0.8696901383547716,2.3947858047872885,0
-1.993875467846206,5.52909152773052,0,-0.4918241468297594,1.5310196382488745,0,1.5826685582715074,1.881526618136149,1,-3.138365827917569,2.407798919426827,1
1.654843599921308,3.3270456991424906,1,-0.9471551194189567,1.9614762869697866,0,0.04827419744146754,1.2080043216900567,1,-1.2877971294037556,2.0408163265306123,0
-1.8521891578060607,5.74098950388197,0,0.6785440879671515,1.1807827035052312,1,0.926288624161847,1.4839051591050485,1,-3.4268188713088343,2.284400872481647,0
-0.8745679356021064,5.82851972997425,0,2.858680770895985,3.800652944686926,1,0.10580686265586603,0.7269955401838536,1,-1.806023058944567,4.040380103793929,1
3.084520062252074,4.997718204051065,1,0.16005448663374766,0.6776775072365061,1,-0.29124783264015597,0.6776895094117247,0,-1.2848492988169984,3.6707491948564845,0
0.2599466485044554,0.8297860264487202,1,-0.19473755717585253,0.6125175490240479,0,0.027225701061802342,1.0266358108721299,1,0.08924335193511218,0.9226458292991309,0
0.3532448711561976,1.631493138897695,1,0.575380484447804,1.9010119927344111,1,1.0624333875581982,1.6547932910753353,1,1.300875113742319,2.9677080478669957,0
-0.11056330877624468,3.0111578686101743,0,-1.1891049529100888,2.107188833931838,0,0.3154393864932512,0.730310753511549,1,-3.093796942652647,-0.15022704769708764,0
-1.277186801273799,2.6142240892562727,0,-0.6554339247108885,1.1987692026125847,0,0.4156543966102866,0.8658507098363865,1,-1.6944957018767721,0.9346010327976803,1
0.208183201217071,1.8450522173798656,1,0.19633582558073168,0.4919810513098567,1,-0.3827882019207765,0.702917620789045,0,-0.5330999363462763,1.3246413394625014,1
-0.4942640260259118,1.8492095200045662,0,1.3904185022026432,3.0125734214390603,1,0.35749841614625755,0.5520861616435877,1,0.11184418636178771,1.9782268458847359,0
0.14684287812041116,3.31773127753304,1,0.2096315982404692,0.5143420087976539,1,-0.1417466849565615,0.3223593964334705,0,-2.294470025481693,0.9690012011457081,1
0.5888013196480938,0.8270711143695014,1,-0.16742215439283845,0.37242887405753855,0,0.12548196481942003,0.2965937350277201,1,-0.13424040408636892,0.6928194540032118,0
0.07744698298444226,0.7106899615042938,1,1.8515778812122314,2.9338462063707027,1,-2.590002011218128,3.3632036470088713,0,-0.8443085874024158,-0.136191446261602,0
-0.8557999795154261,4.103742986878492,0,0.3088014142875182,0.8621184465796513,1,0.67177843900206,0.8136873426413368,1,-2.6642452965993777,1.3840670811178648,1
1.468241668675598,2.975513999380101,1,0.11992306822038692,0.693517366217898,1,0.2734586873983005,0.7299764961128187,1,-0.7199641697458291,2.2475149334624875,0
